W;Lebron James:points;Lebron James:assists;Lebron James:blocks;Lebron James:defensive rebounds;Lebron James:field goals attempted;Lebron James:field goals made;Lebron James:fouls;Lebron James:free throws attempted;Lebron James:free throws made;Lebron James:minutes;Lebron James:offensive rebounds;Lebron James:rebounds;Lebron James:steals;Lebron James:three pointers attempted;Lebron James:three pointers made;Lebron James:turnovers
False;25;9;0;4;20;12;3;3;1;43;2;6;4;2;0;2
False;21;8;0;10;17;8;1;7;4;40;2;12;1;5;1;7
False;8;6;0;4;12;3;3;2;2;39;0;4;2;1;0;2
False;7;7;3;9;11;3;1;1;1;41;2;11;2;2;0;2
False;23;3;0;5;18;8;2;7;6;44;0;5;0;2;1;7
False;18;7;1;2;15;6;3;6;4;42;1;3;2;5;2;4
False;10;3;0;4;12;3;3;4;2;35;1;5;0;4;2;4
False;28;8;1;5;18;10;2;8;6;40;2;7;2;4;2;4
False;19;2;0;7;19;8;4;3;3;36;2;9;1;2;0;1
False;15;4;1;4;16;3;1;10;9;42;2;6;2;1;0;3
False;15;9;0;6;17;5;1;4;4;39;2;8;0;4;1;4
False;6;7;0;2;8;2;3;3;2;36;0;2;0;2;0;4
False;33;7;1;14;28;14;1;3;2;55;2;16;1;6;3;8
False;19;5;0;3;19;6;4;7;5;32;3;6;2;3;2;2
False;4;8;0;2;13;2;2;0;0;34;4;6;2;3;0;5
False;18;3;0;5;16;7;2;4;4;37;0;5;1;0;0;2
False;37;4;0;2;20;10;2;18;16;45;1;3;0;5;1;2
False;27;6;3;3;16;10;1;8;7;44;1;4;3;3;0;6
False;17;3;0;1;19;7;2;2;1;36;0;1;0;4;2;2
False;34;6;1;1;28;13;0;5;4;47;1;2;2;10;4;8
False;18;4;2;2;24;7;0;4;3;34;1;3;1;4;1;5
False;22;4;0;8;20;9;2;6;4;38;2;10;0;4;0;4
False;14;9;0;3;19;6;2;4;2;37;1;4;1;4;0;3
False;21;5;0;2;23;10;3;2;1;38;0;2;0;3;0;2
False;19;6;0;3;19;7;1;7;5;43;0;3;3;3;0;5
False;16;7;1;4;20;6;3;5;4;37;1;5;1;3;0;6
False;29;6;0;4;21;8;0;13;11;43;2;6;3;5;2;2
False;20;3;0;6;25;7;5;8;5;37;2;8;1;6;1;5
False;32;4;0;4;26;12;0;5;4;43;0;4;0;4;4;0
False;14;5;0;8;18;6;2;4;1;44;1;9;0;3;1;3
False;14;6;1;0;16;6;2;2;2;34;0;0;4;0;0;3
False;9;5;0;1;13;2;0;5;5;29;1;2;1;1;0;5
False;16;9;1;2;12;6;2;4;4;34;2;4;0;0;0;5
False;11;5;1;5;18;5;1;3;1;39;2;7;2;2;0;2
False;18;3;1;3;17;7;2;6;4;41;0;3;4;2;0;3
False;14;7;1;0;14;4;3;10;6;33;0;0;2;2;0;2
False;15;3;2;5;17;5;4;5;4;36;2;7;0;4;1;4
False;25;6;1;1;21;8;0;9;7;41;1;2;3;5;2;5
False;16;7;1;1;13;5;1;9;5;33;2;3;0;2;1;5
False;18;4;1;2;20;9;0;0;0;32;0;2;0;1;0;2
False;28;6;0;4;22;13;2;4;2;42;1;5;4;2;0;3
False;20;7;0;7;19;9;3;2;2;36;0;7;5;0;0;5
False;34;10;1;5;28;12;1;11;7;46;3;8;1;5;3;3
False;21;4;0;5;17;5;2;14;11;46;1;6;3;0;0;3
False;14;5;0;3;11;4;4;7;6;36;0;3;3;0;0;2
False;24;8;0;6;14;6;2;15;11;42;1;7;1;1;1;8
False;28;8;3;4;19;8;2;12;10;50;1;5;1;5;2;6
False;21;8;0;3;22;9;0;1;1;43;3;6;1;3;2;1
False;31;6;0;6;20;8;0;22;15;42;2;8;3;3;0;4
False;13;10;1;7;15;5;3;3;2;40;2;9;1;3;1;5
False;22;5;1;6;19;9;2;5;4;42;1;7;6;2;0;3
False;15;6;1;2;19;6;2;4;3;40;1;3;2;2;0;6
False;19;6;1;2;15;5;2;12;9;38;0;2;1;2;0;4
False;23;10;0;3;19;10;2;2;2;42;3;6;4;3;1;3
False;11;7;1;8;21;4;2;5;3;45;1;9;4;2;0;3
False;31;4;1;4;25;12;6;8;4;40;1;5;3;5;3;4
False;23;9;0;8;18;7;2;10;8;42;1;9;1;1;1;4
False;3;5;0;3;5;0;0;5;3;17;0;3;0;1;0;0
False;28;9;1;10;26;12;1;4;3;44;3;13;1;4;1;4
False;35;11;1;3;30;14;4;6;4;44;2;5;4;7;3;1
False;18;6;0;7;19;9;0;1;0;37;1;8;1;1;0;3
False;31;8;1;6;26;12;3;10;6;48;4;10;2;1;1;5
False;28;7;1;3;20;10;2;13;8;43;2;5;0;3;0;3
False;31;10;0;0;23;11;2;12;8;46;2;2;3;3;1;2
False;35;6;0;4;29;12;2;12;10;43;2;6;1;6;1;4
False;26;8;0;5;19;10;0;6;5;41;2;7;1;2;1;2
False;21;5;1;4;25;9;0;4;3;41;3;7;2;1;0;2
False;28;7;0;3;20;9;4;10;9;45;1;4;2;2;1;5
False;20;7;0;7;22;6;3;10;7;45;1;8;0;4;1;2
False;32;5;0;5;20;11;2;8;5;41;0;5;0;7;5;4
False;34;7;0;6;21;12;1;12;10;40;1;7;4;1;0;6
False;23;5;0;4;19;9;1;7;5;41;0;4;2;1;0;1
False;34;6;0;6;26;13;0;7;4;45;1;7;1;9;4;5
False;16;8;0;8;20;3;0;12;10;46;0;8;4;4;0;4
False;56;5;0;8;36;18;0;15;14;48;2;10;2;12;6;4
False;19;8;0;4;22;7;1;7;4;42;0;4;1;4;1;2
False;19;6;0;3;17;7;1;6;5;36;1;4;0;2;0;3
False;26;7;2;2;28;10;5;11;5;53;4;6;4;4;1;3
False;35;9;0;8;21;13;2;10;7;44;0;8;2;4;2;7
False;24;4;2;7;19;9;2;6;3;40;2;9;2;6;3;6
False;20;3;0;2;18;9;2;4;2;33;2;4;1;3;0;2
False;37;7;0;9;30;12;1;11;11;48;4;13;5;6;2;5
False;27;7;2;17;25;7;3;14;9;42;1;18;2;13;4;4
False;38;6;0;4;33;16;3;8;5;48;2;6;1;6;1;1
False;37;6;1;8;35;12;0;14;11;45;3;11;0;7;2;1
False;20;4;1;6;16;7;3;7;6;36.56666667;0;6;0;3;0;3
False;36;6;0;2;29;14;2;5;4;40.85;0;2;2;9;4;2
False;19;4;1;9;20;6;4;11;7;43.03333333;1;10;5;4;0;6
False;38;2;0;3;29;13;2;6;6;44.06666667;2;5;4;11;6;2
False;34;8;3;3;27;14;1;8;6;45.11666667;0;3;1;5;0;1
False;30;6;1;5;25;8;3;14;11;44.7;0;5;1;5;3;1
False;32;3;1;4;26;11;3;15;10;44.85;2;6;0;4;0;7
False;52;7;0;7;29;19;5;10;9;42.8;0;7;2;9;5;3
False;39;6;0;10;23;13;5;16;10;45.13333333;0;10;2;6;3;6
False;31;8;0;9;21;12;3;9;6;40.3;1;10;2;5;1;4
False;32;5;0;8;19;13;4;6;3;44.25;1;9;1;7;3;3
False;36;7;1;7;31;14;0;11;8;46;0;7;0;7;0;1
False;28;9;0;2;22;11;2;9;4;40.1;0;2;0;3;2;5
False;46;8;0;7;28;18;1;5;5;43.75;0;7;1;8;5;1
False;29;7;3;11;26;10;3;11;8;41.33333333;2;13;1;5;1;2
False;24;9;0;9;20;7;5;15;8;41.6;2;11;0;6;2;2
False;14;6;0;8;22;5;3;6;4;35.2;1;9;0;3;0;6
False;29;7;0;4;29;12;0;3;3;39.3;1;5;1;5;2;1
False;31;6;1;2;17;10;0;10;9;47.18333333;2;4;2;7;2;4
False;18;8;0;8;23;6;2;8;6;45.38333333;1;9;1;3;0;2
False;33;6;2;4;17;10;5;8;8;43.8;1;5;1;6;5;2
False;33;5;1;3;24;13;3;10;6;43.11666667;3;6;2;4;1;6
False;25;9;0;7;21;7;2;19;8;47.76666667;0;7;1;8;3;4
False;22;7;0;8;20;9;3;3;2;37.76666667;1;9;0;3;2;3
False;26;6;1;3;22;9;0;10;8;46.56666667;1;4;0;3;0;5
False;19;12;2;6;21;7;1;7;4;44.66666667;1;7;1;4;1;5
False;25;2;1;5;22;9;0;6;5;38.96666667;2;7;2;6;2;5
False;47;4;1;5;27;11;2;28;24;45.28333333;2;7;0;6;1;5
False;36;5;2;11;27;14;1;8;8;44.96666667;1;12;0;2;0;4
False;36;7;0;2;24;12;3;14;8;44.8;0;2;3;7;4;5
False;22;1;0;3;18;8;0;8;6;31.35;0;3;0;3;0;2
False;17;4;1;5;16;8;2;2;1;29.53333333;0;5;1;0;0;3
False;26;2;3;7;25;7;5;15;11;43.46666667;2;9;2;6;1;10
False;38;5;0;5;23;13;5;7;5;45.33333333;1;6;0;12;7;7
False;22;4;0;3;18;9;3;2;2;36;1;4;0;5;2;4
False;30;7;0;12;23;11;4;8;6;47.53333333;2;14;0;5;2;3
False;32;5;1;11;20;8;2;18;15;47.83333333;0;11;1;5;1;7
False;27;2;0;5;24;11;2;8;5;46.75;3;8;1;4;0;3
False;16;7;1;5;13;3;0;10;9;38.1;4;9;0;3;1;2
False;34;6;1;7;26;13;1;11;5;47.28333333;0;7;2;8;3;2
False;20;4;0;3;20;8;2;5;4;33.33333333;2;5;2;1;0;3
False;30;8;0;10;24;11;1;9;6;39.91666667;0;10;4;7;2;2
False;30;5;0;6;14;6;6;20;16;42.43333333;1;7;1;2;2;3
False;27;6;1;6;22;10;1;11;7;41.18333333;1;7;0;5;0;5
False;21;4;0;4;22;7;2;7;5;35.73333333;1;5;0;6;2;3
False;15;6;0;4;18;7;1;1;1;41.6;3;7;4;3;0;3
False;29;5;1;4;19;10;4;9;7;41.05;1;5;0;5;2;4
False;37;8;1;1;22;10;4;21;16;40.18333333;0;1;2;3;1;3
False;26;5;0;8;20;9;1;8;8;43;2;10;2;1;0;1
False;33;3;0;7;26;15;4;3;0;40.33333333;2;9;1;4;3;5
False;34;6;0;4;28;15;2;2;1;38.81666667;2;6;1;9;3;5
False;30;8;1;6;21;8;0;15;13;43.56666667;1;7;2;7;1;4
False;23;2;0;3;21;8;0;13;6;35.11666667;3;6;1;4;1;4
False;30;10;0;8;23;9;2;14;12;43.86666667;2;10;2;1;0;3
False;18;5;0;4;15;6;2;13;6;43.38333333;0;4;3;3;0;2
False;39;5;0;8;26;14;2;13;8;53.16666667;2;10;1;8;3;4
False;30;5;0;7;22;12;2;6;3;42.06666667;2;9;2;6;3;3
False;17;9;0;5;18;6;4;8;3;35.58333333;1;6;1;7;2;2
False;21;6;0;5;22;9;2;3;2;43.28333333;0;5;2;4;1;3
False;23;4;3;7;25;9;2;9;5;42.65;3;10;1;3;0;0
False;29;2;0;4;28;13;1;8;2;42.96666667;3;7;3;4;1;3
False;29;7;1;3;22;10;2;12;7;41.5;0;3;0;5;2;2
False;39;5;0;3;27;17;2;8;4;39.96666667;0;3;0;4;1;2
False;37;6;3;4;31;12;4;12;11;46.55;2;6;1;9;2;3
False;31;4;3;6;28;12;3;7;6;45.45;0;6;2;6;1;6
False;18;8;0;3;19;8;4;1;1;40.81666667;0;3;1;6;1;5
False;24;7;0;5;20;6;3;14;10;43.91666667;1;6;2;5;2;3
False;35;5;0;7;21;11;4;13;11;48.6;2;9;0;5;2;4
False;20;6;0;4;16;5;2;11;9;43.1;1;5;1;4;1;5
False;18;12;0;6;16;5;2;7;7;44.13333333;0;6;0;5;1;2
False;20;5;1;6;14;5;4;11;10;42.78333333;3;9;2;2;0;5
False;10;9;1;9;15;5;1;0;0;45.36666667;1;10;4;0;0;2
False;19;7;0;6;19;7;1;7;5;44.68333333;0;6;3;1;0;6
False;14;4;1;6;16;4;1;4;4;44;1;7;1;6;2;6
False;25;6;0;4;21;9;3;11;7;38;3;7;1;2;0;6
False;25;7;1;8;23;9;3;8;7;41.98333333;0;8;2;5;0;5
False;24;10;0;6;30;10;1;6;2;46.48333333;0;6;0;7;2;6
False;10;4;0;4;11;2;4;10;6;36.15;1;5;1;2;0;5
False;27;8;4;4;26;11;0;2;2;43.21666667;1;5;2;5;3;3
False;32;13;2;13;27;12;4;15;7;40.75;2;15;3;4;1;4
False;27;4;0;1;16;9;3;14;8;33.78333333;0;1;2;3;1;4
False;39;14;2;9;27;15;1;9;7;47.23333333;4;13;0;4;2;4
False;34;7;1;7;22;11;4;12;11;44.1;0;7;1;7;1;3
False;15;3;0;1;11;5;1;9;5;19.51666667;0;1;0;2;0;0
False;29;8;0;6;25;12;3;3;2;41.15;0;6;2;9;3;6
False;21;6;1;6;18;10;1;1;1;41.76666667;0;6;0;1;0;3
False;32;6;0;7;21;12;1;6;5;36.86666667;1;8;6;6;3;4
False;25;8;1;3;20;8;2;13;9;40.85;2;5;1;2;0;3
False;21;6;0;3;21;8;1;6;4;42.35;2;5;1;4;1;4
False;31;6;1;7;22;13;3;9;5;43.38333333;3;10;3;4;0;3
False;36;5;0;5;30;14;3;10;8;39.43333333;2;7;2;1;0;1
False;32;6;2;6;23;12;0;11;6;41.21666667;1;7;2;5;2;3
False;30;3;0;4;23;11;1;6;6;32.6;1;5;2;5;2;5
False;39;9;1;4;31;17;4;7;4;42.73333333;2;6;0;5;1;3
False;26;11;0;11;18;7;2;11;8;42.13333333;2;13;2;7;4;5
False;35;6;1;4;24;16;3;5;2;37.83333333;0;4;0;3;1;2
False;26;4;0;4;24;7;2;15;11;39;4;8;0;6;1;3
False;39;1;3;3;27;13;1;12;11;37.91666667;0;3;1;8;2;4
False;42;7;2;8;23;12;5;23;16;45.68333333;3;11;1;7;2;6
False;25;7;0;5;22;9;4;8;6;43.38333333;2;7;0;7;1;7
False;30;6;1;7;22;11;1;11;7;42.23333333;2;9;0;4;1;3
False;29;4;0;7;25;9;3;10;8;38.58333333;4;11;2;9;3;4
False;21;8;2;3;14;6;2;10;8;40.55;0;3;2;2;1;2
False;13;5;0;4;17;4;0;6;4;35.3;0;4;0;5;1;5
False;17;9;2;2;22;6;1;8;4;42.36666667;5;7;2;5;1;5
False;34;2;0;6;21;13;2;12;6;38.18333333;0;6;3;6;2;3
False;22;3;1;7;19;10;3;4;2;35.95;0;7;1;4;0;4
False;34;7;2;8;21;8;0;18;15;44.08333333;2;10;1;9;3;5
False;12;9;1;7;18;2;4;10;8;38.81666667;2;9;1;6;0;10
False;21;6;1;3;24;6;1;13;9;41.63333333;2;5;2;4;0;7
False;35;5;1;3;25;12;3;13;11;44.71666667;0;3;1;5;0;4
False;45;6;0;4;29;14;4;19;14;46.8;1;5;2;11;3;2
False;22;6;1;6;21;9;4;8;4;36;1;7;2;4;0;3
False;15;13;0;5;15;6;3;4;3;37.71666667;2;7;3;3;0;5
False;25;6;0;5;21;8;1;10;9;39.48333333;1;6;4;4;0;3
False;33;9;1;4;19;10;2;12;11;45.66666667;2;6;4;7;2;1
False;38;7;2;2;24;12;2;14;11;43.48333333;0;2;0;8;3;5
False;30;10;2;6;22;11;4;8;5;40.76666667;0;6;1;9;3;7
False;28;7;1;11;28;8;4;16;11;44.31666667;3;14;1;6;1;8
False;23;4;1;7;25;9;1;8;4;42.16666667;2;9;4;5;1;6
False;23;8;1;7;27;10;1;6;3;37.68333333;1;8;1;2;0;2
False;16;12;0;5;20;5;1;8;4;40.13333333;3;8;0;8;2;1
False;47;4;1;7;21;15;1;14;13;41.16666667;0;7;1;7;4;7
False;21;0;2;1;21;7;4;6;5;33.85;0;1;1;5;2;3
False;21;5;0;6;15;5;1;12;9;38.28333333;0;6;1;5;2;4
False;31;6;0;8;18;11;1;7;5;38.33333333;1;9;0;8;4;6
False;26;5;0;8;20;7;1;10;10;32;1;9;1;5;2;2
False;49;8;3;3;30;20;1;10;6;41.23333333;3;6;2;6;3;2
False;41;9;1;7;28;11;3;24;18;41.95;0;7;2;8;1;2
False;44;7;1;11;29;13;5;18;14;49.4;1;12;1;10;4;8
False;25;7;1;6;20;8;4;11;7;44.88333333;1;7;0;8;2;3
False;38;8;4;4;22;12;4;13;10;44.91666667;0;4;2;9;4;5
False;23;12;0;9;19;7;1;14;8;39.76666667;2;11;2;5;1;4
False;25;6;1;7;17;9;0;9;6;38.21666667;0;7;1;4;1;3
False;34;9;0;2;20;12;4;8;7;35.13333333;0;2;2;7;3;6
False;25;4;0;6;19;10;4;4;3;38.01666667;0;6;0;7;2;6
False;43;6;1;9;29;14;2;12;11;44.78333333;4;13;0;11;4;5
False;27;7;1;5;21;8;2;10;9;39.66666667;1;6;1;4;2;5
False;25;6;2;3;23;9;3;7;5;43.08333333;0;3;2;6;2;2
False;29;6;1;7;21;13;3;2;1;42.85;0;7;1;6;2;1
False;35;7;0;4;28;12;1;13;9;41.3;2;6;1;8;2;8
False;36;6;0;8;20;12;1;12;8;40.41666667;1;9;5;6;4;5
False;43;15;4;12;33;15;1;17;12;47;1;13;2;9;1;3
False;22;9;0;2;14;6;2;10;8;35.5;1;3;4;6;2;2
False;33;6;1;9;25;12;0;12;8;39.38333333;0;9;2;6;1;5
False;27;10;0;5;21;11;2;7;4;39.3;0;5;2;6;1;5
False;42;9;1;6;31;14;0;22;14;44.53333333;1;7;1;9;0;3
False;39;8;3;8;26;14;3;13;7;44.26666667;2;10;2;8;4;5
False;24;4;2;7;15;7;1;15;10;41.15;0;7;3;4;0;5
False;22;8;1;8;18;7;4;11;8;43.23333333;1;9;2;5;0;7
False;15;7;0;5;14;3;3;12;9;41.66666667;1;6;1;4;0;3
False;27;10;1;16;21;8;2;12;9;46.2;3;19;3;4;2;9
False;31;3;2;4;21;10;0;12;8;42.65;0;4;1;6;3;8
False;20;10;1;7;16;6;0;8;7;41.2;0;7;3;2;1;3
False;20;14;3;9;18;5;3;11;10;46.73333333;2;11;1;1;0;2
False;35;9;0;10;21;9;3;22;17;44.46666667;0;10;3;5;0;4
False;29;11;0;3;23;11;2;6;5;42.1;0;3;1;4;2;4
False;25;6;0;5;14;6;3;15;11;41.56666667;0;5;1;8;2;6
False;25;4;0;5;18;9;3;8;6;40.73333333;1;6;1;3;1;3
False;23;4;0;6;19;5;3;15;13;36.06666667;2;8;1;4;0;5
False;19;7;0;7;17;6;4;7;5;36.08333333;3;10;0;4;2;5
False;27;6;0;6;24;11;1;5;2;39.73333333;2;8;0;6;3;3
False;34;7;0;8;30;11;3;11;10;44.26666667;2;10;2;10;2;6
False;24;5;2;9;24;7;3;12;10;42.53333333;2;11;2;2;0;4
False;22;7;0;6;21;10;2;3;2;43.46666667;1;7;1;2;0;4
False;29;5;1;10;21;12;1;6;5;41.43333333;0;10;2;4;0;2
False;27;5;1;7;20;10;2;8;6;39.13333333;0;7;3;5;1;5
False;29;4;2;4;16;11;2;7;7;39.93333333;2;6;0;2;0;2
False;26;7;0;5;19;11;2;7;3;36.13333333;3;8;1;3;1;4
False;26;6;0;5;18;10;2;6;5;41.83333333;3;8;2;2;1;2
False;31;8;0;10;20;14;3;4;1;45.53333333;1;11;1;4;2;4
False;19;3;1;8;21;8;0;3;3;39.5;0;8;1;3;0;1
False;27;12;0;10;21;10;3;10;6;43.28333333;0;10;0;5;1;3
False;29;8;2;1;22;10;2;8;6;39.41666667;1;2;2;7;3;4
False;31;6;1;5;20;11;2;11;9;43.55;2;7;1;4;0;1
False;15;4;5;5;16;6;3;7;3;42.8;2;7;2;3;0;4
False;15;6;3;5;15;5;2;4;4;41.2;1;6;2;3;1;4
False;20;4;1;7;15;8;4;4;2;39.61666667;1;8;4;7;2;5
False;8;7;0;6;11;3;4;4;2;45.71666667;3;9;2;3;0;4
False;17;10;1;9;19;8;3;2;1;45.63333333;1;10;0;4;0;4
False;21;6;1;3;15;9;2;4;1;40.35;1;4;1;5;2;6
False;28;6;0;5;18;11;1;9;6;38.55;2;7;0;0;0;4
False;26;7;0;10;19;10;1;8;6;42.55;1;11;2;2;0;5
False;23;7;0;11;19;7;5;17;9;41.88333333;2;13;2;1;0;6
False;35;6;1;4;20;13;0;11;6;37.18333333;1;5;2;5;3;4
False;28;5;0;9;18;8;2;13;12;37.36666667;4;13;1;1;0;3
False;40;5;0;8;24;14;1;10;8;40.28333333;0;8;2;7;4;7
False;17;10;0;6;15;5;0;10;7;39.25;0;6;3;2;0;3
False;35;6;3;9;24;16;2;3;2;44.4;1;10;0;4;1;0
False;25;7;2;6;26;12;1;3;1;43.03333333;7;13;3;4;0;3
False;19;8;1;8;20;7;0;3;3;42.41666667;3;11;1;4;2;6
False;35;4;0;4;25;14;2;5;5;39.63333333;1;5;4;3;2;2
False;17;7;0;3;18;8;2;1;1;39.6;0;3;2;3;0;4
False;24;2;0;7;21;9;1;6;4;40.81666667;2;9;1;4;2;6
False;23;0;1;2;20;11;1;2;1;34.61666667;2;4;0;0;0;2
False;21;6;0;4;19;8;0;4;3;37.63333333;2;6;2;6;2;3
False;36;7;1;2;23;11;3;14;13;40.85;5;7;1;3;1;2
False;30;5;1;5;24;11;1;7;5;47.3;1;6;1;6;3;4
False;27;4;0;4;21;9;4;8;7;41.45;0;4;1;5;2;5
False;28;5;0;5;22;10;0;13;8;42.81666667;4;9;6;4;0;2
False;22;3;0;6;22;10;1;3;1;40.1;1;7;2;4;1;4
False;34;5;2;8;26;16;4;5;1;43.3;0;8;2;4;1;3
False;29;3;1;5;25;12;6;8;4;48.1;1;6;1;3;1;7
False;30;2;1;10;25;11;1;8;6;45.33333333;3;13;2;6;2;3
False;30;4;0;8;24;11;1;9;7;45.83333333;1;9;4;3;1;4
False;23;5;3;7;16;8;2;6;5;36.68333333;0;7;0;3;2;5
False;20;6;1;7;19;10;2;4;0;35.71666667;3;10;2;1;0;2
False;30;7;2;5;23;12;3;9;6;41.21666667;0;5;1;3;0;4
False;26;11;2;11;24;12;1;3;1;42.88333333;2;13;3;4;1;3
False;31;9;0;8;20;11;0;9;6;38.58333333;2;10;3;5;3;2
False;31;5;0;2;23;12;0;5;5;42.35;1;3;1;4;2;4
False;35;5;1;5;22;15;1;4;3;44.31666667;1;6;6;4;2;3
False;26;7;1;5;20;11;2;5;3;36.48333333;1;6;2;2;1;6
False;30;2;0;6;14;8;2;16;13;41.08333333;0;6;1;5;1;2
False;22;4;2;7;20;10;2;4;1;42.6;3;10;1;1;1;7
False;15;9;1;10;16;6;3;5;2;42.65;0;10;2;5;1;4
False;32;6;2;3;19;13;5;4;4;43.68333333;1;4;3;4;2;3
False;34;7;1;12;31;14;3;5;3;51.93333333;4;16;3;6;3;3
False;28;3;1;5;17;9;4;11;9;41.96666667;1;6;1;3;1;3
False;32;3;4;7;17;11;1;11;8;39.93333333;0;7;2;5;2;4
False;24;7;1;6;17;8;2;9;7;43.73333333;2;8;2;3;1;2
False;36;3;1;4;20;14;3;7;5;45.28333333;4;8;3;7;3;5
False;24;5;3;2;18;8;6;6;4;43.31666667;4;6;1;7;4;2
False;29;6;1;7;21;10;2;8;7;42.28333333;0;7;2;4;2;4
False;18;10;0;16;16;7;0;4;3;41.58333333;2;18;0;5;1;2
False;15;5;0;10;21;7;0;0;0;39.11666667;1;11;2;5;1;2
False;25;8;0;3;22;8;1;9;7;43.68333333;3;6;4;4;2;3
False;25;13;0;4;17;9;3;4;3;36.63333333;0;4;0;7;4;4
False;26;6;1;6;19;11;2;5;3;42.23333333;1;7;2;2;1;5
False;25;10;0;7;13;9;1;9;7;36.53333333;1;8;0;0;0;5
False;23;6;1;2;15;8;2;8;5;36.96666667;3;5;2;5;2;6
False;21;2;0;5;17;7;2;8;6;33.3;0;5;3;4;1;1
False;17;6;0;13;16;6;3;6;4;38.53333333;1;14;2;4;1;5
False;33;8;0;8;23;12;3;6;5;43.71666667;0;8;0;9;4;2
False;26;5;1;5;16;10;0;8;5;39.56666667;0;5;0;4;1;8
False;32;6;1;5;17;12;2;11;7;41.41666667;0;5;1;4;1;6
False;36;5;0;4;21;12;6;12;10;49.36666667;3;7;0;5;2;4
False;25;7;0;6;18;8;1;10;9;41.06666667;2;8;2;4;0;4
False;30;6;0;3;21;11;1;8;5;38.71666667;1;4;1;7;3;3
False;34;3;0;2;20;12;1;9;9;42.16666667;1;3;0;5;1;3
False;13;5;0;7;13;4;2;6;4;39.35;0;7;0;6;1;5
False;22;6;0;0;18;9;1;6;4;36.63333333;1;1;3;3;0;1
False;19;7;0;5;18;6;5;9;7;38.06666667;3;8;2;3;0;5
False;17;8;1;8;23;8;1;0;0;45.31666667;1;9;3;3;1;4
False;19;7;0;5;13;6;1;9;6;38.05;0;5;3;4;1;5
False;21;6;0;6;17;8;3;7;5;39.83333333;0;6;1;4;0;4
False;25;9;1;7;18;10;1;3;3;41.98333333;1;8;0;4;2;3
False;38;5;0;8;19;11;3;15;14;43.4;0;8;0;6;2;6
False;34;5;1;6;24;12;5;10;8;47.95;2;8;4;4;2;4
False;29;6;0;9;16;9;0;14;11;37.13333333;1;10;2;3;0;3
False;37;5;0;5;23;14;1;7;6;41.36666667;1;6;2;5;3;5
False;27;5;1;5;22;10;2;8;4;37.35;3;8;0;7;3;3
False;28;5;1;8;15;8;2;10;9;39.65;0;8;1;7;3;2
False;25;5;0;9;18;11;3;2;2;40.83333333;1;10;3;5;1;4
False;7;4;1;1;10;2;5;3;2;24.35;1;2;0;3;1;3
False;25;3;0;3;17;9;1;6;5;32.88333333;3;6;3;3;2;4
False;22;7;0;4;14;9;5;3;2;39.81666667;1;5;5;4;2;7
False;28;2;0;8;17;10;0;6;4;37.65;0;8;0;8;4;3
False;31;5;2;9;21;10;1;9;8;41.26666667;1;10;0;9;3;1
False;17;4;0;5;15;5;3;7;6;43.23333333;0;5;0;5;1;8
False;11;7;0;6;12;4;2;1;1;34.93333333;1;7;1;4;2;3
False;31;4;0;3;18;8;2;12;12;42.03333333;0;3;3;5;3;4
False;22;5;2;9;18;8;2;7;5;40.56666667;0;9;0;4;1;4
False;15;9;1;3;17;6;3;1;1;34.1;3;6;1;3;2;5
False;22;4;1;1;21;8;0;7;4;39.03333333;3;4;1;7;2;3
False;15;10;1;1;12;6;2;3;2;37.28333333;0;1;1;4;1;5
False;41;5;1;5;24;17;1;8;5;37.61666667;0;5;0;2;2;2
False;21;2;0;3;16;8;0;7;5;29.03333333;0;3;2;2;0;2
False;30;8;0;4;16;9;1;18;10;40.03333333;0;4;0;8;2;4
False;17;7;0;9;19;5;3;5;5;31.85;1;10;1;6;2;7
False;33;5;0;6;18;11;3;13;8;36.68333333;1;7;1;8;3;5
False;25;5;1;6;21;10;3;8;5;38.56666667;0;6;2;4;0;7
False;31;4;0;5;26;12;3;6;5;34.23333333;0;5;0;9;2;8
False;37;4;3;6;35;15;4;11;3;42.1;2;8;3;12;4;4
False;18;8;1;5;13;5;3;8;7;40.15;1;6;2;4;1;9
False;26;4;0;1;19;8;2;8;6;35.26666667;1;2;0;8;4;4
False;24;9;1;5;15;8;4;8;6;38.46666667;0;5;5;5;2;3
False;14;7;0;3;14;5;1;9;4;26.08333333;0;3;1;5;0;3
False;19;9;1;11;22;9;4;2;1;41.93333333;4;15;3;3;0;6
False;27;14;1;6;25;8;4;11;10;43.65;2;8;1;7;1;7
False;44;6;0;8;38;18;2;10;6;45.76666667;0;8;0;8;2;4
False;20;8;0;10;22;7;5;10;5;40.91666667;2;12;0;4;1;2
False;40;11;0;13;34;15;5;9;7;44.76666667;1;14;1;8;3;2
False;32;9;0;15;33;13;3;8;4;46.7;3;18;2;10;2;6
False;25;5;0;10;22;12;3;3;0;36.06666667;0;10;1;5;1;1
False;37;5;3;8;27;13;3;12;6;45.05;4;12;1;11;5;7
False;30;3;0;6;21;11;3;5;4;39.8;0;6;0;7;4;4
False;24;8;0;4;16;6;1;12;11;39.76666667;2;6;0;5;1;2
False;24;4;1;9;20;8;3;8;8;37.38333333;4;13;1;3;0;9
False;37;8;1;5;29;13;4;11;10;44.78333333;2;7;1;5;1;5
False;25;2;2;7;26;10;0;9;4;38.55;2;9;1;5;1;4
False;12;5;0;4;13;4;2;5;4;26.45;0;4;0;3;0;3
False;22;5;0;5;17;9;4;4;3;37.33333333;2;7;0;3;1;4
False;16;5;1;4;16;7;1;2;2;32.88333333;1;5;1;3;0;3
False;26;9;1;10;27;11;3;7;4;39.73333333;3;13;2;5;0;1
False;23;6;2;6;21;10;1;5;3;39.13333333;0;6;1;3;0;1
False;30;4;1;4;23;9;2;17;12;38.08333333;3;7;2;5;0;6
False;12;5;0;7;18;5;2;2;2;37.5;1;8;3;4;0;6
False;25;7;0;7;18;9;2;9;5;40.48333333;1;8;1;4;2;6
False;28;5;0;7;19;11;2;5;4;37.63333333;2;9;1;4;2;4
False;23;3;0;6;20;10;0;2;1;36.88333333;6;12;1;6;2;3
False;26;3;0;3;20;13;1;0;0;26.63333333;0;3;1;3;0;3
False;30;5;0;5;16;13;2;4;3;35.06666667;1;6;1;2;1;4
False;33;3;1;4;17;13;1;4;3;38.55;3;7;0;5;4;4
False;24;5;0;4;17;9;3;7;5;38.83333333;4;8;2;5;1;2
False;29;6;1;5;16;11;3;6;6;45.8;4;9;2;3;1;1
False;23;9;1;8;21;9;2;4;3;40.88333333;4;12;2;4;2;4
False;19;9;1;8;17;7;3;4;4;33.63333333;0;8;4;5;1;7
False;25;9;3;9;21;11;4;4;2;45.56666667;4;13;2;5;1;7
False;23;5;0;7;17;8;3;5;5;36.86666667;2;9;3;5;2;1
False;22;4;0;4;16;8;3;7;3;32.88333333;0;4;0;8;3;7
False;16;5;0;4;14;5;2;11;6;33.61666667;1;5;2;2;0;5
False;27;13;0;5;22;13;2;0;0;44.66666667;0;5;0;3;1;8
False;31;7;0;6;21;12;2;9;6;36.88333333;2;8;1;2;1;5
False;29;5;0;5;20;10;0;7;6;36.91666667;1;6;4;6;3;4
False;20;4;1;10;12;5;1;9;8;30.51666667;1;11;1;5;2;5
False;20;2;0;6;18;6;1;10;7;35;2;8;1;4;1;6
False;29;7;0;6;16;11;5;7;5;45.33333333;0;6;2;5;2;7
False;26;12;0;8;21;11;2;4;3;43.71666667;2;10;2;4;1;6
False;24;11;1;9;15;8;3;11;8;44.81666667;4;13;2;3;0;5
False;23;9;0;9;19;9;0;8;4;37.28333333;0;9;2;6;1;5
False;18;7;2;4;19;8;1;3;1;40.88333333;1;5;2;4;1;3
False;28;10;1;8;21;10;3;8;5;40.03333333;5;13;1;6;3;4
False;30;6;1;14;22;11;2;10;6;38.68333333;3;17;1;5;2;3
False;29;10;0;9;22;12;1;8;5;39.08333333;4;13;2;6;0;3
False;30;5;0;7;20;12;2;3;2;40.16666667;0;7;2;11;4;8
False;18;5;0;4;12;8;1;4;2;34.16666667;2;6;0;2;0;4
False;24;8;1;8;21;10;2;6;4;40.58333333;3;11;0;4;0;3
False;17;8;0;5;17;7;3;6;3;29.53333333;3;8;0;3;0;2
False;26;8;1;9;20;11;0;7;3;39.11666667;1;10;1;7;1;4
False;27;7;0;7;15;12;0;6;2;41.41666667;1;8;2;2;1;5
False;32;10;0;13;21;11;6;10;9;46.83333333;3;16;1;3;1;3
False;11;6;1;5;13;4;2;6;3;45.05;1;6;1;4;0;6
False;28;8;2;12;20;9;4;12;8;40.03333333;3;15;0;6;2;8
False;29;14;1;11;18;12;2;5;4;39.36666667;0;11;3;3;1;4
False;39;9;1;8;27;15;2;6;5;45.61666667;3;11;1;9;4;5
False;41;8;1;11;30;19;3;4;1;46.21666667;2;13;2;5;2;3
False;22;2;1;4;15;8;0;6;5;31.2;0;4;1;3;1;1
False;29;13;4;9;20;12;1;8;4;41.36666667;1;10;0;2;1;8
False;18;8;0;4;11;6;3;6;5;30.76666667;1;5;0;3;1;4
False;16;7;0;9;15;7;2;1;1;39.46666667;1;10;2;4;1;4
False;33;11;1;5;22;14;1;5;4;37.46666667;1;6;2;5;1;8
False;26;13;2;3;17;10;4;6;6;40.58333333;2;5;1;3;0;6
False;33;7;1;4;24;15;4;3;2;40.01666667;0;4;1;4;1;9
False;29;8;2;8;22;12;1;5;4;39.41666667;2;10;1;5;1;3
False;39;7;2;1;22;14;1;5;5;34.23333333;0;1;3;11;6;7
False;20;6;0;5;18;7;2;7;4;40.05;1;6;0;7;2;7
False;16;14;0;8;17;6;2;5;4;37.7;2;10;5;2;0;4
False;29;6;1;7;22;12;1;5;4;37.45;1;8;2;7;1;6
False;19;6;1;7;15;8;1;3;3;32.7;0;7;1;2;0;4
False;10;5;2;7;8;4;2;3;1;26.58333333;1;8;0;3;1;3
False;26;1;2;3;16;9;1;10;8;32.23333333;0;3;1;1;0;2
False;27;11;1;6;25;11;2;4;3;40.45;2;8;3;9;2;5
False;32;6;4;6;18;12;3;13;8;36.25;2;8;3;2;0;8
False;18;7;1;3;17;8;2;4;2;38.36666667;0;3;0;4;0;2
False;28;7;1;7;23;10;0;10;6;37.95;2;9;0;6;2;5
False;21;7;1;6;20;9;2;2;1;37.75;0;6;0;7;2;4
False;11;9;1;8;10;3;0;4;4;31.36666667;1;9;2;2;1;2
False;25;5;0;9;17;10;4;4;3;33.08333333;1;10;1;4;2;6
False;32;8;0;8;18;13;2;9;5;36.6;1;9;2;4;1;4
False;33;9;0;11;25;14;3;4;3;39.96666667;2;13;1;5;2;6
False;30;8;0;8;24;12;2;6;4;39.03333333;1;9;1;6;2;3
False;25;15;0;9;19;8;2;11;8;42.4;1;10;3;4;1;3
False;25;6;3;10;20;11;2;2;0;38.88333333;0;10;2;7;3;5
False;24;7;1;8;20;9;0;5;4;31.45;2;10;1;8;2;2
False;35;6;3;14;25;15;4;9;4;41.08333333;0;14;2;4;1;6
False;18;7;0;5;18;7;1;5;4;37.98333333;1;6;0;4;0;6
False;44;11;1;10;29;17;0;11;6;40.18333333;1;11;2;8;4;8
False;10;2;0;4;9;4;0;3;2;10.55;1;5;1;2;0;3
False;24;12;1;7;17;7;2;14;10;43.93333333;3;10;1;4;0;3
False;28;8;1;9;22;10;1;6;4;41.7;3;12;1;7;4;6
False;22;7;2;5;16;7;3;5;5;31.18333333;0;5;1;6;3;4
False;15;9;2;7;16;5;1;6;5;36.11666667;0;7;0;5;0;7
False;42;12;1;9;29;16;3;10;5;38.76666667;1;10;0;11;5;6
False;26;5;0;10;22;11;2;4;3;39.28333333;0;10;1;6;1;6
False;51;8;1;4;32;19;2;11;10;47.55;4;8;1;7;3;5
True;17;9;1;3;19;8;1;4;1;45;5;8;1;0;0;2
True;17;4;1;4;12;7;0;0;0;34;1;5;1;3;3;2
True;22;8;2;5;19;10;2;4;2;47;0;5;1;1;0;5
True;14;8;1;5;16;6;2;4;2;39;2;7;0;2;0;3
True;8;5;1;5;12;4;2;0;0;36;1;6;2;2;0;3
True;23;9;1;2;21;8;3;8;6;43;1;3;1;3;1;4
True;36;5;0;3;24;14;1;3;3;42;1;4;4;7;5;4
True;32;10;2;5;22;11;2;12;10;42;1;6;2;5;0;4
True;22;2;1;4;22;7;1;8;7;39;2;6;6;6;1;5
True;32;9;0;7;23;15;1;2;2;38;3;10;3;2;0;5
True;14;10;1;4;17;6;1;2;2;41;0;4;1;2;0;4
True;27;9;0;5;26;11;2;6;5;44;4;9;2;1;0;4
True;29;2;1;6;28;12;2;5;3;45;1;7;2;4;2;4
True;16;3;2;5;19;7;4;2;1;30;0;5;0;2;1;3
True;27;4;1;5;25;10;1;10;7;44;0;5;2;1;0;1
True;38;4;2;3;27;14;4;11;9;43;3;6;0;2;1;6
True;12;6;0;3;19;5;2;2;2;38;1;4;2;1;0;1
True;24;3;1;6;25;9;3;6;5;43;0;6;2;6;1;1
True;32;2;1;9;23;14;0;4;4;39;2;11;2;0;0;2
True;22;3;0;4;20;7;2;12;8;44;1;5;1;0;0;1
True;21;6;5;4;16;7;3;6;6;36;0;4;2;5;1;1
True;30;3;1;10;19;11;1;8;7;49;1;11;3;1;1;5
True;24;3;1;6;17;9;0;6;5;28;1;7;1;2;1;1
True;19;4;0;4;17;7;5;4;3;37;2;6;2;2;2;4
True;24;10;1;5;24;11;3;3;2;43;2;7;4;3;0;2
True;34;7;0;4;23;11;1;13;11;45;2;6;1;4;1;2
True;14;4;0;2;13;4;2;7;6;34;1;3;1;0;0;2
True;26;4;1;3;22;12;3;4;2;44;0;3;3;2;0;4
True;17;8;5;2;16;5;1;8;5;32;3;5;0;3;2;4
True;41;13;0;4;29;15;1;10;10;43;2;6;3;2;1;2
True;10;11;0;2;11;4;3;5;2;32;1;3;0;2;0;2
True;27;9;0;6;20;9;1;11;8;45;1;7;2;4;1;1
True;17;5;0;1;17;8;1;1;1;35;0;1;3;3;0;5
True;25;4;2;9;17;8;2;12;8;48;1;10;4;4;1;3
True;38;6;3;7;24;13;1;12;11;48;3;10;3;2;1;3
True;24;4;2;8;20;10;0;5;4;38;1;9;3;3;0;4
True;33;4;1;10;22;12;1;8;6;42;2;12;2;5;3;1
True;19;9;0;5;14;8;3;2;1;30;1;6;0;3;2;1
True;25;2;1;3;20;11;0;4;3;38;5;8;3;2;0;7
True;43;5;1;3;22;15;3;12;11;38;3;6;3;3;2;3
True;20;8;1;6;13;9;2;3;2;43;0;6;3;2;0;2
True;26;7;0;6;17;11;0;4;3;32;1;7;1;2;1;2
True;17;9;1;7;17;8;3;2;1;41;1;8;2;0;0;5
True;27;10;1;6;17;10;2;7;6;43;0;6;2;3;1;3
True;27;8;0;2;22;11;4;6;5;46;0;2;3;1;0;3
True;31;8;0;5;22;14;2;4;2;46;0;5;7;3;1;3
True;25;7;2;9;18;10;1;3;3;37;2;11;3;3;2;3
True;26;12;0;6;18;10;2;8;6;43;0;6;1;1;0;2
True;22;14;1;8;16;7;2;9;8;45;1;9;4;1;0;5
True;40;7;0;8;25;13;2;14;11;46;1;9;1;5;3;1
True;26;6;0;6;19;11;3;6;4;41;2;8;2;3;0;1
True;20;9;1;5;14;7;4;6;4;40;1;6;1;5;2;2
True;22;4;2;2;14;10;2;2;2;32;1;3;0;0;0;8
True;29;9;1;7;24;11;1;7;5;49;1;8;2;5;2;8
True;27;5;0;7;20;9;2;14;9;41;1;8;5;1;0;3
True;27;10;0;10;16;11;4;6;4;44;1;11;4;1;1;2
True;28;10;1;11;24;13;1;2;2;43;1;12;1;1;0;3
True;27;15;2;8;16;10;1;4;3;42;1;9;3;6;4;5
True;30;9;0;6;21;9;2;13;12;45;0;6;2;3;0;1
True;15;11;0;7;14;6;1;4;3;36;1;8;3;3;0;2
True;25;9;1;6;20;8;3;10;9;46;2;8;3;0;0;3
True;28;6;0;5;20;11;0;5;4;37;0;5;3;2;2;3
True;27;11;0;5;17;8;2;15;10;44;1;6;5;1;1;3
True;23;8;1;7;22;9;3;4;3;40;0;7;1;6;2;1
True;35;5;0;3;23;12;1;11;10;44;2;5;1;5;1;4
True;36;2;1;7;15;11;1;16;12;35;2;9;0;5;2;1
True;29;6;0;5;24;11;1;8;5;43;1;6;1;7;2;0
True;44;3;0;4;29;16;3;11;9;53;2;6;4;10;3;10
True;22;5;1;7;20;7;0;7;6;41;0;7;2;8;2;1
True;37;7;1;8;23;10;3;13;13;48;2;10;2;8;4;6
True;40;10;1;9;26;15;2;3;3;47;1;10;2;13;7;3
True;33;6;1;6;23;12;4;10;8;48;1;7;5;6;1;2
True;32;6;0;7;27;13;3;5;4;47;1;8;5;3;2;3
True;27;14;1;12;23;10;1;10;5;48;2;14;0;8;2;2
True;31;4;0;2;16;9;3;8;7;33.38333333;1;3;2;7;6;3
True;27;6;2;3;17;9;3;12;9;36.46666667;0;3;1;2;0;1
True;31;1;1;4;18;10;1;11;11;35.63333333;1;5;0;2;0;4
True;16;2;1;5;11;5;5;6;6;25.66666667;1;6;3;1;0;3
True;26;3;1;5;20;9;2;11;7;48.9;0;5;0;4;1;2
True;37;4;2;9;23;15;1;5;5;42.43333333;1;10;0;3;2;3
True;16;4;0;5;17;6;2;6;4;33.93333333;1;6;2;3;0;4
True;36;10;1;9;24;14;1;10;8;46.85;2;11;1;2;0;5
True;36;4;2;5;20;13;4;11;9;40.98333333;0;5;2;3;1;1
True;28;9;1;7;20;7;1;17;14;49.93333333;0;7;1;3;0;6
True;30;6;3;4;23;10;2;12;9;44.31666667;2;6;2;5;1;5
True;26;9;0;4;18;11;3;6;3;45.1;0;4;1;4;1;3
True;41;10;0;5;19;12;3;16;15;46.38333333;0;5;1;4;2;4
True;25;4;2;4;12;8;1;9;8;28.91666667;2;6;3;1;1;5
True;37;6;0;5;25;12;2;13;9;43.85;0;5;4;6;4;2
True;14;9;0;7;16;4;1;11;6;43.85;1;8;1;1;0;3
True;32;6;2;7;25;12;0;12;8;44.96666667;1;8;2;5;0;2
True;30;7;1;6;22;11;2;7;6;44.56666667;1;7;4;5;2;5
True;32;11;1;9;29;12;1;7;6;45.7;2;11;5;8;2;4
True;35;6;1;5;22;14;1;9;4;45.2;2;7;0;7;3;0
True;51;8;0;5;35;19;4;11;9;42.78333333;0;5;2;8;4;3
True;23;8;2;7;21;7;0;10;7;35.36666667;0;7;2;5;2;1
True;38;6;1;8;22;11;2;20;15;45.91666667;1;9;3;5;1;5
True;30;9;1;6;23;12;1;8;5;45.1;1;7;3;2;1;6
True;44;7;1;10;33;17;1;12;7;42.75;1;11;1;7;3;6
True;30;6;1;5;19;11;2;11;6;31.58333333;1;6;5;6;2;4
True;26;10;1;11;21;8;2;12;10;44.43333333;0;11;1;2;0;4
True;22;12;2;9;20;9;4;4;2;45.35;0;9;0;7;2;4
True;35;8;0;10;34;11;3;17;12;45.63333333;1;11;1;5;1;0
True;44;5;0;1;33;19;0;8;5;40.71666667;2;3;4;3;1;2
True;43;11;4;11;32;16;5;15;11;53.91666667;1;12;2;5;0;2
True;26;9;2;2;24;10;0;7;5;42.85;0;2;1;5;1;2
True;33;8;1;9;27;11;4;13;11;46.61666667;2;11;0;3;0;5
True;37;7;0;9;28;15;3;6;6;46.45;0;9;2;3;1;3
True;17;8;0;11;17;5;2;6;5;43.73333333;1;12;1;6;2;2
True;35;6;0;5;24;13;2;12;8;44.28333333;1;6;1;3;1;0
True;27;5;0;7;23;9;2;10;8;44.16666667;2;9;6;6;1;1
True;29;7;0;7;24;10;3;10;6;46.86666667;1;8;1;4;3;7
True;37;12;1;11;21;10;4;23;16;50.18333333;0;11;0;5;1;5
True;36;8;3;4;26;13;2;8;6;44.85;3;7;2;8;4;0
True;36;5;0;3;34;14;2;11;8;48.93333333;3;6;2;4;0;2
True;46;4;0;5;23;16;3;13;10;43.43333333;0;5;3;7;4;2
True;47;10;0;8;25;16;3;14;13;45.48333333;4;12;2;6;2;4
True;35;8;2;11;24;13;5;9;7;41.28333333;1;12;1;5;2;3
True;37;7;0;3;22;13;4;9;7;34.66666667;1;4;4;10;4;3
True;37;7;0;4;26;12;5;16;13;44.15;1;5;1;3;0;6
True;32;6;0;3;24;12;1;12;8;42.11666667;1;4;0;3;0;2
True;32;11;0;8;27;12;3;11;7;48;3;11;0;4;1;4
True;41;3;0;4;28;16;3;9;6;47.61666667;1;5;2;5;3;4
True;45;6;0;2;23;14;5;18;17;46.11666667;5;7;2;1;0;4
True;32;7;1;7;25;15;4;3;1;53;0;7;2;6;1;5
True;21;10;1;10;18;9;2;2;2;48;0;10;4;4;1;4
True;22;9;2;7;23;8;3;10;5;48;1;8;2;2;1;8
True;32;5;1;2;30;13;3;7;5;46.83333333;3;5;2;4;1;2
True;26;5;2;7;24;11;2;6;2;40.63333333;3;10;0;4;2;5
True;35;4;1;9;26;14;3;11;6;41.88333333;1;10;1;2;1;2
True;19;12;2;4;13;6;0;8;7;37.83333333;0;4;3;1;0;3
True;38;5;0;7;17;9;4;23;19;43.53333333;1;8;3;4;1;2
True;29;6;1;4;19;10;2;9;6;41.33333333;0;4;2;4;3;3
True;32;7;1;7;15;10;2;11;9;38.9;0;7;2;6;3;4
True;37;6;2;7;24;12;1;14;11;40.5;2;9;1;5;2;4
True;15;9;1;1;21;7;1;1;0;41.98333333;0;1;3;5;1;3
True;25;11;1;4;20;10;4;7;4;40.83333333;0;4;0;4;1;7
True;31;8;2;5;23;12;4;10;6;42.91666667;2;7;3;3;1;4
True;26;10;0;5;18;11;1;5;3;40.5;1;6;1;2;1;4
True;27;6;1;7;16;11;0;6;4;31.86666667;0;7;1;3;1;3
True;22;7;1;7;17;6;1;11;10;41.61666667;1;8;1;2;0;6
True;22;7;0;9;14;9;3;3;2;33.61666667;0;9;1;3;2;4
True;32;1;0;7;21;13;1;10;4;30.9;0;7;0;3;2;7
True;27;3;2;8;25;10;1;8;6;39.51666667;1;9;1;2;1;1
True;32;5;1;3;21;11;5;13;8;44.01666667;1;4;1;6;2;3
True;19;5;0;5;17;7;1;11;5;40.23333333;0;5;2;1;0;3
True;32;4;1;5;20;11;0;10;8;44.78333333;1;6;3;3;2;3
True;8;9;0;5;13;3;1;2;2;42.83333333;0;5;1;4;0;2
True;19;4;3;13;21;9;4;0;0;44;0;13;3;3;1;5
True;34;7;1;3;26;14;3;3;3;43.41666667;1;4;2;7;3;3
True;28;6;0;5;23;10;4;8;8;42.03333333;1;6;1;1;0;2
True;32;5;0;7;22;14;2;5;2;45.86666667;0;7;4;7;2;9
True;18;3;0;9;13;7;1;8;4;35.65;1;10;2;1;0;1
True;11;3;1;7;13;4;1;2;2;36.31666667;0;7;1;2;1;2
True;29;6;0;6;22;12;1;8;4;41.13333333;1;7;0;4;1;2
True;18;5;1;7;16;5;3;12;8;38.35;1;8;1;2;0;1
True;38;3;0;4;16;10;4;22;18;39.8;0;4;3;1;0;3
True;29;2;1;4;25;12;3;5;5;36.81666667;0;4;1;1;0;3
True;35;8;1;4;22;14;1;7;4;42.83333333;1;5;2;4;3;4
True;36;6;3;3;20;10;1;17;15;37.36666667;2;5;0;3;1;2
True;32;8;0;11;24;12;2;9;5;41.63333333;1;12;0;6;3;3
True;41;8;1;5;31;17;4;8;6;50.66666667;2;7;3;3;1;4
True;32;9;1;8;22;12;5;4;4;36.5;0;8;3;6;4;6
True;26;6;1;4;22;10;2;5;4;38.7;3;7;3;6;2;2
True;29;4;0;5;17;11;0;6;3;29.58333333;1;6;3;7;4;2
True;24;9;2;15;21;8;3;13;8;43.66666667;2;17;2;6;0;4
True;21;10;0;2;16;8;1;6;5;38.26666667;1;3;2;1;0;1
True;26;6;0;6;18;8;4;14;10;40.13333333;1;7;2;3;0;3
True;39;9;0;4;25;14;4;13;11;47.4;1;5;3;3;0;7
True;31;6;1;10;24;13;1;5;5;41.81666667;2;12;4;2;0;2
True;25;5;1;6;23;7;3;14;11;44.41666667;0;6;1;3;0;2
True;35;4;1;5;27;15;1;9;5;35.25;3;8;2;1;0;2
True;23;6;1;4;16;8;1;5;4;31.95;1;5;1;6;3;0
True;18;6;0;4;15;7;3;7;4;36.05;1;5;0;2;0;1
True;24;9;0;5;18;9;2;10;5;39.96666667;0;5;2;4;1;2
True;23;7;0;7;14;7;1;11;9;44.31666667;2;9;2;2;0;1
True;27;7;2;4;22;8;2;13;11;45;4;8;1;3;0;2
True;30;9;0;6;22;11;3;7;5;46.03333333;0;6;1;5;3;2
True;31;7;1;8;22;8;3;17;14;46.18333333;3;11;3;5;1;2
True;21;7;1;9;21;8;2;6;4;46.01666667;2;11;1;4;1;3
True;36;12;0;1;24;12;2;13;9;45.81666667;0;1;3;7;3;2
True;30;7;0;9;16;9;1;15;10;46.33333333;0;9;0;3;2;3
True;23;8;0;7;20;8;4;9;6;38.88333333;1;8;1;5;1;2
True;32;9;0;8;21;12;2;9;6;46.11666667;1;9;2;3;2;3
True;25;11;0;7;19;8;0;9;8;44.28333333;0;7;3;5;1;3
True;48;7;0;6;33;18;3;14;10;50.3;3;9;2;3;2;2
True;20;8;2;12;11;3;1;19;14;46.2;2;14;2;2;0;3
True;45;7;1;4;28;13;1;22;16;44.41666667;3;7;3;5;3;3
True;24;9;3;13;16;9;1;7;5;41.85;1;14;0;2;1;2
True;26;4;1;4;19;10;1;8;6;43.85;0;4;1;2;0;1
True;22;8;1;4;21;9;3;8;4;35.91666667;1;5;6;2;0;5
True;40;9;3;8;27;13;3;15;13;40.26666667;2;10;0;3;1;5
True;45;5;2;6;26;17;2;8;5;39.05;2;8;3;10;6;4
True;37;12;1;9;29;14;3;8;7;44.68333333;3;12;3;8;2;4
True;30;10;1;8;21;10;1;15;9;35.78333333;3;11;4;6;1;2
True;38;13;2;4;25;11;2;15;14;45.76666667;0;4;2;8;2;3
True;17;5;1;2;9;5;2;10;7;22.61666667;1;3;1;1;0;4
True;31;5;0;7;25;10;3;13;11;50.21666667;1;8;1;5;0;2
True;33;5;1;6;29;12;3;11;9;38.46666667;4;10;1;3;0;3
True;25;12;1;6;19;9;3;11;7;38.6;0;6;1;3;0;2
True;24;7;0;4;21;9;5;10;5;36.31666667;4;8;3;4;1;3
True;36;6;1;4;22;13;1;11;9;40.08333333;1;5;2;3;1;2
True;24;10;1;7;18;7;1;12;9;45.35;1;8;5;6;1;3
True;39;8;0;8;29;14;1;12;7;45.73333333;3;11;0;8;4;1
True;22;3;0;6;18;8;2;6;6;35.16666667;2;8;2;3;0;4
True;31;8;3;14;20;10;3;15;9;49.6;5;19;4;7;2;8
True;51;9;1;5;28;18;1;16;9;47.16666667;3;8;3;12;6;4
True;27;7;2;6;24;9;1;12;8;38.9;3;9;0;5;1;3
True;28;5;1;2;26;11;4;5;5;39.66666667;1;3;4;4;1;5
True;23;8;1;6;13;7;2;9;8;31.13333333;2;8;2;3;1;0
True;41;4;0;6;32;16;4;12;8;44.13333333;3;9;2;5;1;5
True;37;4;2;12;29;13;3;12;8;43.88333333;2;14;2;6;3;4
True;28;7;1;11;19;8;2;16;11;43.8;0;11;2;4;1;3
True;33;12;2;8;21;11;5;10;7;42.4;1;9;5;8;4;7
True;26;7;1;7;24;11;2;4;4;44;4;11;2;3;0;1
True;29;10;1;6;15;8;3;15;12;43.85;1;7;3;2;1;5
True;31;12;1;12;22;11;1;12;8;43.23333333;2;14;2;5;1;4
True;33;8;1;12;20;11;1;14;9;44.53333333;3;15;1;6;2;3
True;25;11;1;6;17;10;2;5;4;39.03333333;1;7;3;4;1;6
True;30;13;0;6;22;11;2;9;7;43.58333333;2;8;2;4;1;3
True;37;6;0;3;29;15;1;8;7;39.85;3;6;1;5;0;3
True;50;10;0;7;30;16;3;16;11;43.83333333;1;8;4;13;7;2
True;38;4;2;7;24;11;2;12;11;38.21666667;4;11;1;8;5;2
True;24;11;2;9;18;7;0;13;9;43.68333333;1;10;1;4;1;4
True;33;10;2;5;24;11;2;16;10;41.66666667;2;7;1;3;1;1
True;30;6;1;4;19;11;0;7;6;41.06666667;3;7;1;5;2;0
True;29;5;0;12;22;14;1;0;0;41.4;0;12;1;3;1;5
True;26;9;1;6;18;11;4;3;3;41.78333333;3;9;3;2;1;1
True;29;5;2;2;19;11;6;6;6;31.21666667;2;4;3;4;1;4
True;33;8;2;3;21;11;2;13;10;35.36666667;4;7;1;4;1;0
True;13;7;2;11;9;3;1;9;7;35.25;0;11;1;1;0;5
True;27;5;1;3;18;10;3;12;6;41.68333333;1;4;2;2;1;5
True;32;4;2;6;19;12;1;14;8;41.41666667;0;6;1;2;0;1
True;30;12;2;8;19;9;2;17;10;39;1;9;1;6;2;1
True;34;7;0;10;25;11;5;14;9;44.38333333;2;12;2;8;3;5
True;27;13;1;11;17;8;2;10;10;44.2;2;13;2;2;1;1
True;21;8;3;5;16;5;3;12;8;40.25;0;5;4;5;3;2
True;21;13;2;5;20;7;3;8;5;44;1;6;3;5;2;4
True;32;6;1;9;23;9;2;15;13;46.65;3;12;2;3;1;8
True;22;9;1;7;15;7;3;12;8;30.26666667;2;9;0;2;0;5
True;29;3;1;6;20;8;1;15;13;34.13333333;2;8;2;2;0;1
True;41;6;0;7;23;13;1;16;15;35.83333333;2;9;4;2;0;5
True;27;8;4;7;24;11;2;7;4;39.33333333;2;9;1;6;1;4
True;41;4;0;9;29;13;1;13;11;39.2;4;13;0;7;4;2
True;41;6;0;5;24;16;2;10;8;42.76666667;0;5;3;4;1;2
True;22;11;0;7;20;10;4;4;2;38.03333333;1;8;3;0;0;5
True;38;7;2;2;21;13;2;11;9;42.05;3;5;2;7;3;2
True;31;4;1;8;20;9;3;17;12;35.96666667;0;8;0;4;1;3
True;24;8;0;6;19;8;3;7;7;36.58333333;1;7;2;4;1;2
True;26;1;1;4;14;7;0;11;9;30.33333333;0;4;1;7;3;1
True;14;3;3;3;12;7;0;0;0;17.13333333;0;3;1;1;0;0
True;23;8;1;6;13;9;2;4;2;30.65;1;7;3;4;3;2
True;32;5;1;6;27;12;3;10;7;41.36666667;1;7;2;5;1;3
True;21;6;1;5;10;5;0;10;10;28.15;0;5;5;4;1;0
True;11;11;3;6;12;4;2;4;3;37.61666667;2;8;1;4;0;2
True;25;4;2;3;17;8;3;8;7;27.66666667;2;5;2;4;2;3
True;31;4;0;5;18;11;1;8;7;30.4;0;5;3;5;2;2
True;29;5;2;2;22;10;4;8;7;39.06666667;2;4;0;6;2;1
True;28;7;3;4;21;9;2;12;9;36.83333333;3;7;1;4;1;0
True;32;3;2;6;20;14;1;4;2;39.63333333;0;6;2;6;2;0
True;33;8;0;7;20;13;3;8;7;38.75;3;10;0;2;0;6
True;31;7;1;2;24;14;1;2;1;42.76666667;2;4;3;4;2;3
True;27;5;1;8;23;11;2;7;5;38.33333333;1;9;3;3;0;7
True;18;6;1;5;13;6;1;10;6;38.21666667;0;5;3;2;0;3
True;33;9;1;6;19;12;1;12;7;42.51666667;0;6;0;4;2;2
True;16;11;3;9;8;3;1;8;8;37.26666667;1;10;2;3;2;5
True;21;4;2;4;16;9;1;3;3;30.98333333;0;4;2;1;0;4
True;38;6;3;6;25;13;2;9;9;35.81666667;1;7;4;7;3;3
True;30;10;1;11;15;9;2;14;11;40.2;0;11;3;5;1;2
True;29;7;1;11;24;12;3;6;5;42.98333333;3;14;3;2;0;4
True;34;14;0;7;30;14;1;4;3;42.03333333;0;7;1;6;3;2
True;32;8;2;7;24;10;2;16;10;40.65;2;9;3;5;2;2
True;33;9;0;10;27;14;1;6;4;41.13333333;4;14;1;6;1;2
True;23;11;3;10;10;5;1;15;13;37.51666667;5;15;0;2;0;2
True;25;6;1;7;17;9;2;6;5;37.13333333;0;7;3;4;2;3
True;33;8;1;0;25;12;3;11;6;38.83333333;4;4;1;8;3;5
True;33;4;2;6;20;9;3;13;13;37.51666667;1;7;1;5;2;3
True;52;11;2;10;33;17;1;19;16;44.05;0;10;0;7;2;3
True;26;6;1;4;18;9;1;8;7;33.28333333;2;6;2;5;1;3
True;20;9;1;8;17;9;1;2;2;33.2;1;9;1;3;0;5
True;55;9;0;4;29;16;3;22;15;40.06666667;1;5;0;11;8;6
True;20;9;1;5;13;6;0;10;8;30.56666667;0;5;2;3;0;0
True;15;8;1;5;10;4;1;8;6;29.66666667;0;5;0;2;1;2
True;30;4;0;10;23;12;2;3;3;32.13333333;4;14;2;6;3;1
True;26;11;2;5;20;8;3;14;8;43.71666667;1;6;1;7;2;0
True;42;4;1;7;21;13;4;10;10;43.66666667;1;8;1;7;6;6
True;23;4;0;7;11;7;2;7;5;33.2;1;8;1;5;4;3
True;14;12;1;8;15;5;0;7;4;43.31666667;2;10;1;3;0;2
True;32;11;2;9;23;10;2;16;12;43.7;4;13;2;6;0;4
True;34;13;3;4;24;10;0;13;11;43.45;6;10;3;8;3;3
True;51;9;3;4;30;16;2;17;15;46.98333333;0;4;2;11;4;3
True;19;10;3;7;17;9;1;3;1;39.86666667;1;8;4;3;0;3
True;43;8;1;10;27;15;1;10;9;42.66666667;2;12;4;7;4;6
True;26;10;2;11;22;10;4;11;6;46.78333333;0;11;1;3;0;0
True;22;5;1;6;21;9;2;5;3;40.05;1;7;3;4;1;2
True;30;8;0;9;17;9;0;15;11;39.15;2;11;1;4;1;1
True;22;11;0;7;14;7;0;7;7;39.1;1;8;1;1;1;1
True;25;7;0;10;14;8;0;10;7;33.6;2;12;0;3;2;5
True;24;12;2;5;22;9;0;5;4;31.31666667;1;6;1;4;2;0
True;25;3;1;11;24;9;0;8;7;40.6;1;12;3;2;0;1
True;38;6;0;7;21;14;1;8;8;36.71666667;0;7;1;5;2;2
True;21;7;0;6;15;7;1;8;7;30.85;0;6;3;2;0;2
True;27;10;1;2;17;8;4;12;10;36.56666667;0;2;0;4;1;1
True;29;7;1;4;14;9;1;6;6;30.36666667;0;4;1;8;5;5
True;37;5;0;5;23;12;1;14;11;38.7;0;5;1;7;2;5
True;38;7;0;8;20;13;1;14;11;40.86666667;0;8;1;4;1;0
True;29;6;0;12;14;7;1;17;13;37.9;1;13;0;5;2;2
True;25;9;2;9;19;9;0;11;7;42.73333333;2;11;3;5;0;2
True;36;8;1;12;24;10;3;17;16;40.65;1;13;2;3;0;2
True;34;3;0;7;20;12;0;9;8;34.31666667;3;10;4;6;2;3
True;27;5;1;3;14;9;1;12;6;31.16666667;0;3;4;5;3;0
True;47;8;1;10;25;15;2;16;12;43.21666667;2;12;1;10;5;1
True;27;8;0;8;22;9;3;9;6;43.41666667;0;8;1;6;3;3
True;35;5;0;2;23;12;3;12;10;42.53333333;2;4;1;3;1;6
True;37;12;1;11;24;11;3;19;15;45.5;3;14;1;2;0;4
True;24;6;1;7;18;10;1;3;2;33.43333333;2;9;1;3;2;2
True;14;9;0;6;11;5;1;6;4;37.23333333;1;7;0;1;0;4
True;27;6;0;5;16;7;0;13;11;35.98333333;3;8;3;7;2;4
True;33;9;0;8;17;12;3;9;7;35.61666667;0;8;3;4;2;7
True;36;4;0;6;23;13;2;9;8;39.11666667;2;8;1;3;2;4
True;34;7;1;3;20;8;2;18;16;38.88333333;1;4;2;4;2;2
True;21;9;1;6;15;6;1;12;9;37.55;0;6;2;3;0;2
True;31;12;2;5;19;11;2;10;8;38.53333333;0;5;1;5;1;2
True;40;7;1;7;25;13;1;14;13;37.88333333;2;9;1;3;1;2
True;32;9;0;7;20;13;3;6;4;38.53333333;0;7;0;4;2;5
True;34;7;0;7;24;12;2;11;9;38.81666667;1;8;1;4;1;5
True;25;12;0;5;20;10;2;7;5;36.35;0;5;0;2;0;1
True;12;10;1;7;15;6;0;0;0;34.6;1;8;1;3;0;3
True;23;11;0;6;17;8;1;10;6;34.2;0;6;0;3;1;1
True;14;10;1;4;10;4;2;7;6;32.3;1;5;1;0;0;5
True;33;7;2;6;24;14;1;6;4;37.6;1;7;1;2;1;4
True;44;6;1;7;29;16;1;10;7;38.58333333;0;7;4;8;5;1
True;23;7;0;5;19;9;3;6;4;40.46666667;1;6;2;5;1;6
True;36;7;1;5;26;12;2;11;9;40.28333333;1;6;3;6;3;3
True;26;8;3;9;13;6;1;14;12;38.36666667;1;10;0;4;2;6
True;29;4;0;5;21;11;3;6;6;38.43333333;1;6;2;3;1;3
True;34;10;0;12;30;14;1;7;5;43.68333333;4;16;0;4;1;2
True;26;9;1;4;19;9;3;11;6;40.73333333;0;4;2;7;2;7
True;29;6;1;3;20;12;0;4;3;29.43333333;2;5;3;5;2;1
True;14;10;1;7;20;6;2;3;2;39.6;1;8;5;5;0;4
True;48;6;2;7;23;15;3;16;14;43.2;3;10;2;6;4;3
True;28;7;2;8;16;7;0;15;13;36.45;1;9;1;4;1;1
True;23;8;2;5;12;7;0;11;8;30.83333333;2;7;1;4;1;1
True;41;8;0;10;19;13;1;14;12;45.26666667;0;10;0;4;3;3
True;37;11;4;7;23;12;1;14;12;41.61666667;1;8;2;4;1;2
True;32;4;1;2;20;12;3;7;5;38.9;2;4;2;6;3;5
True;28;11;3;9;18;8;1;14;12;41.01666667;0;9;3;7;0;3
True;37;9;1;5;25;13;3;13;10;40.4;0;5;2;9;1;4
True;37;12;1;9;19;9;2;19;13;42.63333333;0;9;0;10;6;6
True;32;4;0;9;23;9;3;17;12;38.51666667;0;9;1;9;2;4
True;12;11;1;6;8;3;1;6;5;30.55;0;6;1;3;1;3
True;22;13;4;9;18;6;2;17;10;35.65;0;9;2;4;0;5
True;32;11;0;2;20;10;1;8;7;39.91666667;1;3;1;6;5;1
True;22;15;1;5;14;7;2;7;7;37.11666667;1;6;1;4;1;4
True;36;8;0;5;16;9;1;21;17;40.1;2;7;2;4;1;4
True;47;8;0;7;31;17;2;7;7;43.85;1;8;5;12;6;5
True;32;11;0;3;21;13;0;9;5;42.35;0;3;1;4;1;3
True;32;13;0;7;21;10;2;12;10;45.08333333;1;8;2;6;2;3
True;20;13;0;4;16;7;0;4;4;44.11666667;1;5;2;6;2;0
True;36;9;0;6;23;11;2;15;11;35.95;1;7;0;6;3;2
True;36;9;0;6;17;10;2;16;15;44.4;0;6;2;4;1;1
True;22;7;2;7;17;9;0;5;3;31.23333333;0;7;2;4;1;3
True;26;14;1;5;18;10;1;7;6;40.68333333;2;7;3;4;0;3
True;40;6;2;11;27;16;1;6;5;41.86666667;2;13;3;7;3;4
True;23;10;3;6;18;7;2;12;6;42.1;0;6;1;10;3;1
True;30;7;3;5;21;9;2;16;11;38.86666667;3;8;2;3;1;2
True;29;12;1;10;22;10;0;11;8;43.11666667;2;12;1;3;1;4
True;32;9;2;8;24;11;2;10;8;38.71666667;1;9;3;4;2;6
True;29;7;2;10;21;9;1;12;11;37.51666667;1;11;2;3;0;5
True;15;7;1;3;9;5;0;3;3;30.8;0;3;0;3;2;0
True;38;9;0;4;22;15;2;8;7;40.75;2;6;1;5;1;3
True;34;8;0;6;22;13;2;6;5;39.08333333;1;7;3;6;3;3
True;23;7;1;8;17;7;2;13;9;39.06666667;1;9;1;1;0;4
True;27;6;0;13;20;11;1;7;4;38.36666667;0;13;2;3;1;2
True;19;13;1;6;13;5;1;10;9;35.56666667;0;6;0;2;0;4
True;24;5;4;6;19;9;2;7;6;40.23333333;0;6;1;1;0;3
True;40;8;2;7;23;16;2;6;6;41.08333333;1;8;1;4;2;2
True;37;11;1;12;17;11;3;10;9;36.4;0;12;2;9;6;2
True;19;9;2;7;12;5;1;14;8;43.21666667;3;10;0;2;1;3
True;35;7;2;5;24;12;1;11;8;43.2;2;7;3;6;3;2
True;38;7;2;6;22;14;1;9;8;39.26666667;2;8;1;3;2;1
True;16;7;1;6;12;5;1;6;6;37.55;0;6;2;2;0;9
True;15;7;0;6;13;6;4;2;1;30.03333333;0;6;0;3;2;3
True;20;7;0;7;12;5;3;12;10;28.95;0;7;2;4;0;5
True;20;12;1;0;12;7;0;8;6;32.43333333;0;0;2;2;0;1
True;23;9;0;3;16;9;1;5;3;33.58333333;0;3;2;4;2;4
True;23;11;0;1;21;8;0;11;7;39.33333333;1;2;2;1;0;3
True;20;9;0;5;15;9;5;3;2;23.05;3;8;3;2;0;3
True;32;5;0;2;25;12;1;7;6;39.48333333;0;2;2;5;2;4
True;20;6;1;7;15;5;1;11;9;40.56666667;1;8;2;5;1;2
True;30;5;1;5;18;10;3;11;9;38.18333333;1;6;1;1;1;7
True;18;3;0;4;15;8;0;2;1;31.23333333;2;6;1;1;1;4
True;38;8;1;5;25;15;1;9;6;30.03333333;0;5;1;7;2;0
True;22;4;1;7;11;5;1;13;11;37.31666667;0;7;1;1;1;2
True;17;6;1;6;16;7;5;4;2;38.66666667;0;6;1;3;1;1
True;33;9;0;6;20;12;4;7;6;39.43333333;1;7;0;5;3;2
True;25;9;1;7;18;10;1;3;2;30.71666667;0;7;1;4;3;4
True;25;3;0;9;19;10;1;5;3;35.18333333;1;10;2;3;2;3
True;20;7;0;3;16;6;2;10;8;40.3;1;4;0;3;0;5
True;21;5;0;11;15;5;1;18;11;38.51666667;2;13;1;4;0;4
True;32;10;0;10;23;14;1;3;1;38.21666667;1;11;1;6;3;5
True;32;6;0;6;19;9;3;12;11;40.51666667;1;7;1;7;3;4
True;36;4;0;5;22;13;5;8;8;37.38333333;1;6;3;5;2;5
True;27;10;0;10;14;8;2;6;6;38.18333333;1;11;4;6;5;1
True;18;8;0;10;17;8;3;3;1;40.41666667;0;10;0;2;1;3
True;20;9;0;6;15;8;3;4;4;39.15;0;6;1;4;0;3
True;25;10;1;5;15;7;1;17;11;41.51666667;2;7;1;3;0;3
True;38;5;0;9;26;15;3;6;6;36.56666667;0;9;1;4;2;3
True;25;9;2;5;15;8;2;11;9;36.58333333;1;6;0;0;0;2
True;26;5;1;9;23;8;2;11;9;45.26666667;1;10;6;4;1;5
True;44;6;0;10;26;17;4;10;7;46.18333333;3;13;2;5;3;6
True;38;6;1;10;29;14;2;14;9;38;1;11;2;3;1;1
True;39;9;2;8;25;15;1;10;7;44.31666667;0;8;1;4;2;3
True;23;13;3;4;14;7;3;11;7;40.21666667;0;4;4;5;2;4
True;24;8;1;3;14;7;1;11;10;31.36666667;1;4;0;0;0;2
True;51;8;1;9;25;17;2;17;14;42.65;2;11;1;5;3;3
True;19;9;0;7;13;7;3;6;5;36.65;1;8;0;3;0;3
True;12;4;0;5;15;6;2;2;0;35.61666667;1;6;4;2;0;6
True;41;8;1;10;23;15;1;13;9;41.73333333;3;13;3;5;2;4
True;16;10;0;8;17;7;0;3;2;34.71666667;0;8;4;2;0;3
True;27;5;2;5;20;11;1;6;4;40.91666667;1;6;2;3;1;5
True;23;8;0;10;18;8;1;10;7;37.63333333;3;13;0;2;0;5
True;31;3;0;6;26;14;4;3;0;30.4;2;8;0;6;3;3
True;25;7;3;8;11;5;2;19;15;42.76666667;1;9;1;1;0;1
True;19;9;0;7;17;7;1;7;5;42.26666667;1;8;1;3;0;1
True;27;5;2;4;16;10;1;6;5;31.91666667;1;5;1;4;2;3
True;21;8;2;6;19;8;3;5;5;41.51666667;0;6;0;1;0;2
True;43;3;0;2;21;16;2;7;6;30.9;0;2;0;7;5;4
True;33;2;0;6;25;15;3;2;2;40.66666667;0;6;2;4;1;5
True;19;7;0;5;16;8;3;4;3;42.08333333;3;8;0;3;0;3
True;32;2;1;8;17;11;3;9;9;41.01666667;2;10;3;4;1;4
True;33;7;0;9;21;13;1;9;7;40.45;1;10;0;1;0;2
True;35;8;0;7;16;12;3;13;10;43.81666667;1;8;5;3;1;5
True;27;10;1;4;20;11;2;7;5;42.88333333;2;6;3;1;0;3
True;31;7;0;9;18;13;2;8;5;38.91666667;2;11;3;2;0;7
True;23;9;1;6;15;9;2;6;5;37.38333333;1;7;2;1;0;1
True;27;7;1;5;19;11;1;9;5;37.18333333;0;5;4;2;0;4
True;34;7;0;9;21;10;1;14;12;42.65;1;10;3;4;2;7
True;21;5;3;10;14;4;3;14;13;42.71666667;4;14;1;2;0;2
True;29;6;0;6;19;10;1;10;8;38.91666667;1;7;0;1;1;0
True;24;6;0;14;15;8;1;10;7;44.26666667;1;15;1;4;1;1
True;16;8;0;7;13;5;2;5;4;41.66666667;3;10;1;5;2;3
True;22;5;2;5;19;8;2;9;5;39.9;1;6;2;3;1;3
True;35;2;1;5;25;14;3;8;5;44.05;2;7;1;4;2;0
True;35;3;0;11;28;12;3;9;9;50.28333333;3;14;3;6;2;5
True;33;4;1;5;20;11;1;9;6;45.71666667;2;7;1;7;5;5
True;29;5;0;7;21;12;3;7;3;45.65;3;10;3;6;2;5
True;22;10;2;5;13;6;4;9;9;43.91666667;1;6;2;2;1;0
True;35;6;2;4;26;11;4;13;13;49.38333333;2;6;2;1;0;5
True;28;6;2;11;19;8;2;11;9;45.76666667;0;11;3;6;3;4
True;24;5;0;9;16;9;4;2;2;45.25;0;9;1;5;4;1
True;17;9;0;3;14;6;3;4;4;45.25;0;3;2;4;1;4
True;37;6;2;7;19;11;3;19;15;36.26666667;3;10;2;0;0;3
True;26;5;1;5;14;9;3;9;8;36;1;6;2;0;0;3
True;35;7;2;6;23;13;0;9;9;38.81666667;0;6;3;0;0;2
True;34;10;1;7;26;16;2;4;2;37.21666667;1;8;4;1;0;4
True;16;5;0;9;10;6;2;6;4;28.03333333;0;9;1;0;0;2
True;33;13;0;6;21;12;2;11;9;37.68333333;2;8;2;0;0;2
True;32;9;1;7;17;11;2;12;10;37.38333333;0;7;2;1;0;8
True;33;10;0;4;21;12;0;9;5;34.88333333;1;5;0;6;4;4
True;31;8;3;5;27;12;4;7;5;37.21666667;3;8;4;3;2;3
True;28;5;3;9;17;12;1;4;4;35.78333333;0;9;4;0;0;4
True;18;5;0;4;21;8;1;4;1;37.8;1;5;2;4;1;5
True;32;7;0;5;20;9;3;14;13;41.65;1;6;2;3;1;4
True;31;7;0;7;18;11;2;10;9;40.28333333;1;8;0;2;0;4
True;35;5;1;10;23;12;2;15;10;40.96666667;1;11;0;1;1;6
True;22;8;0;7;12;8;1;7;5;29.73333333;4;11;1;2;1;4
True;19;8;2;11;16;8;2;6;3;37.21666667;1;12;0;1;0;2
True;30;2;0;9;17;10;1;12;10;38.48333333;0;9;1;1;0;5
True;24;6;0;4;16;9;1;7;6;38.66666667;1;5;2;1;0;6
True;18;9;2;2;14;6;1;7;6;33.28333333;0;2;0;2;0;1
True;23;6;0;10;15;6;1;12;10;30.43333333;3;13;1;3;1;2
True;35;3;0;5;21;16;3;3;3;32.9;3;8;1;0;0;2
True;23;7;0;7;15;7;2;8;7;33.4;2;9;4;5;2;2
True;28;5;1;3;19;11;2;3;3;30.13333333;2;5;1;5;3;2
True;25;8;0;10;14;9;2;7;6;36.63333333;1;11;2;2;1;2
True;18;8;2;4;11;7;1;2;2;33.21666667;0;4;0;2;2;3
True;20;8;2;8;16;7;3;6;6;40.68333333;1;9;5;0;0;4
True;38;6;1;9;22;13;1;12;10;41.03333333;2;11;5;2;2;0
True;21;6;0;8;11;9;0;2;2;29.6;1;9;0;1;1;5
True;31;2;2;7;20;12;1;10;7;41.66666667;4;11;1;3;0;2
True;27;4;1;7;19;8;1;15;9;47.1;1;8;4;3;2;4
True;29;8;2;5;20;12;0;8;5;38.25;2;7;2;2;0;1
True;14;7;0;12;14;4;4;8;6;38.96666667;0;12;5;1;0;4
True;20;6;2;7;18;8;2;6;4;37.9;1;8;2;3;0;3
True;17;10;1;6;15;6;0;5;5;37.43333333;0;6;4;3;0;5
True;19;5;0;6;16;8;3;3;3;36.21666667;3;9;2;2;0;3
True;26;9;0;3;18;11;0;6;4;38.51666667;1;4;1;2;0;3
True;41;4;1;3;25;15;0;13;10;38.06666667;3;6;3;2;1;4
True;34;10;1;6;20;10;2;13;11;41.5;1;7;4;7;3;2
True;26;2;1;1;22;12;1;5;1;32.25;3;4;0;3;1;1
True;19;5;1;8;16;7;1;7;5;28.73333333;1;9;2;1;0;2
True;29;3;0;8;24;11;4;9;6;40.25;2;10;2;6;1;6
True;37;7;1;5;19;11;2;15;14;35.2;1;6;2;2;1;4
True;28;4;0;5;15;12;0;4;3;30.2;0;5;2;1;1;5
True;27;6;1;11;18;8;3;12;10;35.33333333;0;11;0;2;1;1
True;32;5;2;7;21;11;1;10;9;35.86666667;1;8;1;3;1;5
True;32;3;0;3;14;10;2;14;11;31.68333333;1;4;4;1;1;2
True;19;9;0;6;18;8;1;7;3;40.58333333;1;7;2;3;0;2
True;32;5;0;6;21;9;5;13;12;35.83333333;2;8;2;5;2;8
True;29;7;1;7;16;7;2;15;13;39.63333333;1;8;2;6;2;4
True;32;5;1;9;26;12;1;10;8;43.25;6;15;2;3;0;1
True;40;9;2;12;27;14;1;16;12;43.9;6;18;2;0;0;5
True;30;8;1;7;19;12;1;4;4;38.15;3;10;1;4;2;4
True;28;7;0;5;23;12;1;5;4;44.76666667;1;6;3;3;0;1
True;32;3;3;12;22;13;2;9;6;43.88333333;1;13;1;3;0;3
True;34;7;1;6;20;7;2;24;18;47.65;4;10;1;6;2;1
True;45;5;0;13;26;19;3;9;5;44.81666667;2;15;0;4;2;4
True;31;2;1;10;21;9;0;17;12;47.53333333;2;12;1;5;1;3
True;32;5;0;6;22;10;4;12;12;42.31666667;2;8;1;2;0;2
True;29;3;0;9;23;11;1;8;6;43.83333333;5;14;0;4;1;4
True;26;12;0;6;20;10;2;8;5;44.33333333;3;9;2;4;1;3
True;26;13;2;7;19;9;2;9;8;44.15;4;11;1;3;0;6
True;26;3;0;9;16;10;2;5;4;28.86666667;1;10;2;4;2;0
True;20;11;2;8;17;8;2;4;4;39.2;1;9;0;1;0;0
True;23;1;0;8;17;10;2;3;1;30.18333333;3;11;0;3;2;3
True;20;8;0;8;12;7;1;4;4;29.98333333;4;12;1;3;2;2
True;21;9;0;9;17;10;2;3;1;35.66666667;2;11;1;2;0;2
True;38;6;0;9;26;14;1;8;5;39.91666667;1;10;0;8;5;0
True;27;12;3;6;23;11;0;6;5;41.95;1;7;1;1;0;4
True;21;3;0;7;20;8;1;7;4;40.71666667;0;7;2;3;1;1
True;28;8;1;8;21;11;3;8;4;42.53333333;2;10;1;4;2;1
True;30;5;1;5;16;10;3;9;8;39.96666667;1;6;0;5;2;7
True;23;7;0;6;16;9;2;6;3;39.1;3;9;4;5;2;4
True;21;6;0;8;15;8;3;6;4;36.95;1;9;1;2;1;2
True;24;7;0;4;16;11;2;3;2;35.91666667;1;5;2;0;0;4
True;27;6;0;6;16;10;0;7;6;40.35;1;7;2;2;1;3
True;23;5;0;10;15;8;0;11;7;30.55;0;10;1;3;0;2
True;22;11;4;6;18;8;0;5;4;41.98333333;0;6;1;5;2;0
True;24;5;1;9;13;9;0;4;3;30.91666667;0;9;1;5;3;5
True;30;7;0;8;20;11;0;10;7;37.5;1;9;0;1;1;4
True;29;9;1;5;20;12;3;5;5;41.86666667;3;8;2;3;0;3
True;27;8;2;10;19;9;1;8;7;38.58333333;2;12;4;4;2;3
True;36;11;0;7;22;10;2;16;15;47.88333333;1;8;1;6;1;3
True;32;9;1;11;20;11;0;11;9;42.01666667;1;12;3;3;1;4
True;24;7;1;1;17;9;0;4;4;34.95;1;2;0;3;2;1
True;20;7;2;4;10;7;0;7;6;29.13333333;1;5;5;1;0;1
True;25;10;0;6;20;11;2;3;2;30.53333333;1;7;1;5;1;1
True;39;8;1;7;25;17;2;4;4;42.06666667;0;7;3;2;1;2
True;31;11;0;9;23;12;1;7;6;44.83333333;1;10;0;5;1;3
True;23;7;0;6;14;9;0;6;5;33.01666667;1;7;1;1;0;2
True;24;7;0;7;18;10;2;4;1;34.28333333;2;9;2;4;3;4
True;30;7;0;8;16;10;1;12;9;39.73333333;0;8;2;2;1;3
True;31;8;0;8;14;13;1;6;5;38;0;8;2;0;0;5
True;32;5;2;5;18;11;2;10;7;36.61666667;1;6;0;6;3;4
True;30;6;2;4;11;9;3;11;8;30.98333333;1;5;0;5;4;5
True;32;4;0;6;18;12;4;8;7;36.25;1;7;3;2;1;4
True;30;9;2;6;15;11;0;8;7;38.75;0;6;3;3;1;1
True;39;7;0;9;24;14;3;9;7;40.03333333;3;12;2;8;4;4
True;24;11;0;6;15;8;1;8;7;39.51666667;0;6;4;4;1;2
True;26;7;0;11;15;11;2;3;3;34.48333333;1;12;2;4;1;4
True;16;11;0;9;12;7;1;2;1;31.5;1;10;2;4;1;2
True;28;8;0;1;19;10;0;11;8;38.85;2;3;1;1;0;2
True;40;16;1;5;23;14;1;12;11;47.75;3;8;2;2;1;2
True;18;10;1;7;14;4;1;12;8;42.1;1;8;2;4;2;1
True;29;7;1;8;23;12;1;6;3;42.83333333;3;11;3;6;2;2
True;20;4;2;9;16;9;3;1;1;34.88333333;1;10;3;4;1;7
True;26;2;1;3;14;7;0;12;11;38.21666667;0;3;0;6;1;2
True;25;5;2;7;17;10;2;5;3;34.23333333;3;10;1;3;2;3
True;13;7;1;5;10;5;1;5;3;36.35;1;6;1;0;0;4
True;15;7;0;4;11;3;1;12;9;30.11666667;3;7;2;2;0;4
True;27;8;1;5;19;8;1;12;10;37.23333333;2;7;2;4;1;4
True;28;7;1;9;24;12;1;5;4;38.23333333;1;10;0;2;0;2
True;22;8;0;11;12;6;1;11;8;33.83333333;1;12;2;6;2;3
True;37;12;2;6;29;16;3;6;4;42.25;1;7;2;4;1;5
True;25;10;2;5;22;8;1;8;6;42.31666667;7;12;3;7;3;4
True;29;8;1;7;15;12;1;6;4;39.88333333;1;8;2;1;1;3
True;32;10;3;8;14;11;0;11;10;34.16666667;0;8;3;1;0;4
True;24;11;0;8;16;9;2;10;6;38.75;1;9;1;0;0;3
True;36;6;0;4;20;13;0;5;3;32.21666667;0;4;2;10;7;3
True;27;5;0;4;17;12;1;2;2;29.7;0;4;1;2;1;1
True;28;7;1;6;16;11;0;6;6;30.06666667;1;7;2;1;0;3
True;20;9;0;5;10;8;1;4;4;28.85;1;6;0;0;0;1
True;24;6;0;7;12;7;2;12;9;34.85;0;7;1;1;1;3
True;27;8;0;8;11;9;2;11;8;34.51666667;2;10;0;2;1;5
True;19;6;0;7;14;6;2;8;7;38.65;1;8;1;3;0;4
True;22;6;0;5;14;9;2;4;2;32.8;0;5;0;4;2;5
True;30;7;1;6;20;13;3;7;4;41.1;2;8;3;2;0;5
True;19;9;0;5;12;7;1;8;4;32.48333333;0;5;3;3;1;3
True;25;7;0;8;17;6;0;11;11;44.41666667;0;8;2;4;2;1
True;27;8;0;7;20;9;0;9;8;43.2;0;7;2;4;1;5
True;23;8;0;7;14;5;3;15;12;44.43333333;0;7;2;3;1;2
True;30;10;3;7;24;12;5;7;4;46.53333333;3;10;0;6;2;4
True;22;3;0;4;17;8;0;6;6;41.21666667;0;4;0;1;0;0
True;30;6;1;8;26;13;1;4;1;44.48333333;0;8;2;7;3;3
True;32;4;1;6;17;8;1;16;15;40.81666667;2;8;2;2;1;2
True;17;7;3;7;17;7;2;2;2;40.55;1;8;3;3;1;2
True;33;4;2;8;25;15;2;4;2;41.38333333;3;11;2;2;1;1
True;32;11;1;6;26;11;3;12;9;49.76666667;4;10;3;5;1;6
True;37;4;0;9;23;12;2;8;8;45;3;12;2;10;5;2
True;17;8;0;6;11;5;0;9;7;38.01666667;0;6;1;1;0;2
True;25;5;0;3;14;9;2;5;4;34.68333333;0;3;1;5;3;6
True;35;8;1;6;20;13;2;8;8;36.01666667;2;8;0;3;1;1
True;18;6;0;5;13;6;4;9;5;37.15;0;5;1;3;1;4
True;33;2;0;3;21;13;0;6;3;29.96666667;0;3;0;7;4;3
True;39;4;0;6;18;14;0;11;10;36.96666667;0;6;1;1;1;6
True;30;7;1;3;18;13;1;4;4;31.91666667;1;4;1;0;0;3
True;13;5;0;4;13;6;0;3;1;30.7;2;6;1;0;0;3
True;21;7;1;5;11;5;0;11;11;29.08333333;1;6;1;2;0;4
True;22;7;0;9;13;7;0;7;5;37.58333333;0;9;3;6;3;3
True;35;4;1;5;14;11;0;11;11;33.35;0;5;1;4;2;4
True;28;8;0;8;19;9;3;11;9;37.1;0;8;3;3;1;1
True;27;3;1;5;17;10;2;6;4;36.45;1;6;1;5;3;3
True;26;4;1;5;13;8;0;10;9;38.26666667;0;5;1;3;1;3
True;21;8;0;10;12;9;3;5;3;30.56666667;4;14;2;0;0;7
True;24;9;0;6;15;10;2;5;4;35.01666667;1;7;2;2;0;6
True;25;9;0;7;12;9;2;10;7;40.61666667;2;9;4;2;0;2
True;30;9;0;8;17;13;1;5;4;33.81666667;1;9;1;1;0;3
True;24;7;0;9;14;8;3;7;7;36.23333333;0;9;3;3;1;3
True;18;8;1;4;11;8;1;2;1;30.66666667;2;6;1;2;1;1
True;38;6;0;4;28;16;2;6;2;45.63333333;4;8;2;9;4;0
True;19;4;0;8;14;7;2;9;5;35.8;0;8;0;4;0;2
True;26;10;1;5;15;8;0;8;5;39.73333333;1;6;0;9;5;4
True;15;8;0;7;13;5;1;8;5;35.91666667;1;8;1;1;0;3
True;30;5;0;3;18;12;1;7;6;37.78333333;1;4;1;0;0;1
True;32;5;0;2;22;13;1;3;3;35.25;1;3;2;6;3;3
True;21;10;1;7;13;7;3;8;7;36.51666667;1;8;2;1;0;3
True;34;6;0;6;25;13;4;10;8;44.86666667;2;8;1;3;0;2
True;29;4;0;7;19;10;1;11;9;38.8;1;8;2;4;0;3
True;27;6;0;11;15;9;1;13;7;37.3;2;13;1;4;2;5
True;18;6;0;7;15;8;4;1;1;27.71666667;0;7;1;3;1;4
True;30;7;0;7;22;13;3;6;3;39.1;1;8;6;3;1;2
True;24;11;2;7;19;9;1;8;6;38.31666667;1;8;2;3;0;1
True;31;12;1;7;20;11;2;8;6;40.78333333;1;8;3;7;3;7
True;37;3;0;8;22;12;2;14;11;40.98333333;1;9;5;5;2;4
True;36;9;0;12;26;14;1;7;4;42.26666667;1;13;2;8;4;2
True;42;6;0;7;23;16;2;8;6;38.46666667;2;9;2;8;4;3
True;33;3;0;6;22;15;1;5;2;33.4;1;7;4;5;1;8
True;31;4;0;4;19;13;0;6;4;36.63333333;0;4;0;2;1;1
True;20;7;0;8;12;8;1;5;4;31.21666667;1;9;4;2;0;2
True;61;5;0;4;33;22;2;12;9;41.2;3;7;0;10;8;2
True;23;8;0;5;15;10;3;0;0;36.75;2;7;3;4;3;3
True;24;5;0;5;17;8;3;8;7;42.86666667;0;5;2;3;1;5
True;43;4;3;6;19;14;1;13;9;41.66666667;0;6;2;8;6;0
True;15;7;1;5;14;7;0;2;1;38.01666667;1;6;2;2;0;3
True;32;5;0;2;23;13;2;9;6;38.36666667;4;6;4;1;0;5
True;17;12;0;8;13;7;0;2;2;29.76666667;2;10;1;3;1;1
True;13;2;0;5;10;5;1;4;2;30.05;2;7;0;3;1;4
True;32;8;0;7;20;11;2;11;9;38.88333333;0;7;1;6;1;6
True;17;8;1;4;12;7;0;5;2;29.35;0;4;1;3;1;2
True;38;6;0;5;22;13;0;12;9;42.78333333;0;5;1;7;3;5
True;36;1;1;5;20;11;1;13;12;34.86666667;1;6;1;4;2;2
True;27;1;0;9;16;8;1;10;7;38.53333333;0;9;0;8;4;3
True;32;8;0;6;17;11;2;12;9;39.83333333;0;6;4;5;1;4
True;30;6;0;10;18;10;1;10;9;35.98333333;0;10;2;2;1;2
True;31;9;1;7;19;10;3;12;10;42.9;0;7;3;5;1;2
True;22;3;0;4;15;10;2;2;2;36.35;1;5;0;0;0;1
True;22;3;1;4;18;9;2;6;4;39.11666667;0;4;2;3;0;2
True;49;2;0;6;24;16;5;19;14;43.46666667;0;6;3;6;3;1
True;29;5;1;7;14;6;1;17;15;43.6;2;9;0;5;2;5
True;22;6;3;7;18;9;3;6;3;42.35;0;7;2;5;1;3
True;26;7;0;4;14;9;2;9;7;39.76666667;1;5;4;2;1;6
True;32;5;0;10;21;13;3;4;4;35.8;0;10;2;3;2;2
True;25;6;1;3;12;8;1;9;9;31.65;1;4;1;0;0;2
True;35;3;0;8;22;14;3;5;4;37.6;2;10;2;3;3;4
True;36;4;1;7;30;14;1;9;7;41.66666667;1;8;4;3;1;3
True;22;11;1;7;18;8;1;6;5;39.63333333;0;7;1;5;1;3
True;32;10;1;9;17;9;1;17;13;40.43333333;3;12;1;3;1;4
True;41;7;1;4;27;16;4;9;6;40.85;0;4;0;8;3;3
True;32;7;1;4;20;13;1;4;2;28.9;2;6;0;5;4;3
True;29;11;0;3;17;9;0;11;9;31;1;4;3;4;2;1
True;29;8;0;9;14;7;3;17;14;36.08333333;1;10;3;5;1;4
True;19;7;0;2;18;9;1;2;1;31.73333333;0;2;1;1;0;3
True;26;10;0;4;15;6;1;21;14;41.08333333;1;5;0;4;0;7
True;19;12;0;4;17;7;2;7;4;39.51666667;1;5;2;6;1;4
True;24;13;1;7;18;9;2;6;4;42.45;0;7;3;4;2;4
True;18;7;0;4;17;8;2;2;1;33.9;0;4;3;3;1;3
True;35;4;2;1;21;12;1;9;9;41.88333333;1;2;2;5;2;2
True;27;14;3;7;19;11;2;4;3;40.3;0;7;1;3;2;5
True;22;9;0;3;18;7;4;8;6;39.93333333;1;4;2;4;2;4
True;25;11;1;1;15;9;1;6;4;37.55;0;1;0;5;3;5
True;24;3;3;4;16;8;3;5;4;34.63333333;0;4;1;7;4;2
True;29;8;2;5;20;10;1;11;9;36.93333333;0;5;2;5;0;4
True;36;5;0;3;24;12;2;13;8;38.03333333;2;5;2;10;4;1
True;32;7;0;11;23;11;4;12;7;42.48333333;0;11;3;8;3;9
True;26;4;0;4;23;12;4;3;2;36.26666667;1;5;0;3;0;6
True;26;9;0;5;16;8;0;14;10;35.75;2;7;4;2;0;7
True;25;9;1;5;15;9;1;6;5;26.61666667;1;6;4;4;2;2
True;34;5;2;7;25;11;1;13;10;38.58333333;0;7;1;6;2;2
True;32;7;0;6;24;11;3;11;10;35.93333333;0;6;1;4;0;4
True;19;7;2;3;16;7;1;6;4;33.06666667;0;3;4;4;1;6
True;36;5;1;3;25;14;1;8;5;39.75;3;6;0;8;3;2
True;18;11;0;3;17;6;2;6;5;35.85;0;3;2;4;1;6
True;23;9;0;3;14;8;0;7;6;27.78333333;0;3;1;2;1;2
True;22;8;0;8;16;8;2;5;4;30.18333333;2;10;1;7;2;6
True;18;7;0;9;16;6;2;7;6;31.45;0;9;1;4;0;5
True;28;6;0;5;21;12;3;3;1;25.11666667;0;5;1;5;3;2
True;18;7;0;7;17;7;2;5;3;27.91666667;0;7;2;6;1;4
True;19;11;1;7;14;6;3;10;6;39.05;0;7;3;5;1;9
True;42;5;1;10;25;15;5;11;8;36.2;1;11;3;9;4;6
True;27;5;1;2;23;12;0;3;3;25.58333333;1;3;3;1;0;1
True;29;14;0;5;16;9;2;13;8;37.45;1;6;0;6;3;3
True;17;8;0;6;16;6;3;6;3;36.43333333;0;6;1;5;2;4
True;27;8;1;7;14;10;3;5;3;28.96666667;0;7;1;6;4;2
True;31;7;1;5;20;10;2;10;8;43.71666667;0;5;2;6;3;3
True;21;13;1;7;14;9;3;4;3;34.73333333;1;8;3;3;0;1
True;16;7;0;2;13;5;1;6;4;34.58333333;1;3;1;4;2;2
True;29;5;0;7;26;13;0;2;1;39.3;0;7;0;6;2;3
True;28;6;1;8;17;10;1;7;7;39.46666667;2;10;5;4;1;5
True;20;5;0;8;15;7;2;4;3;31.45;0;8;0;5;3;1
True;20;6;1;9;24;8;0;6;3;37.88333333;2;11;0;4;1;5
True;23;7;3;7;16;9;3;5;4;35.45;1;8;1;2;1;3
True;20;12;1;8;17;8;4;6;3;36.51666667;2;10;3;3;1;3
True;21;8;1;7;15;8;2;4;3;39.85;2;9;1;5;2;2
True;21;11;1;7;17;7;0;6;4;32.23333333;3;10;2;4;3;1
True;20;7;1;6;18;8;2;4;3;41.91666667;0;6;2;3;1;5
True;30;7;2;8;22;11;3;8;7;41.8;1;9;0;5;1;6
True;31;4;2;10;26;13;1;5;4;41.96666667;1;11;4;5;1;2
True;27;8;1;10;24;10;2;10;6;46.36666667;0;10;3;7;1;6
True;33;5;1;5;29;13;2;9;7;34.21666667;3;8;2;2;0;2
True;25;8;2;12;30;10;4;4;4;43.15;2;14;1;7;1;8
True;38;6;3;10;24;14;3;12;9;40.93333333;2;12;3;5;1;0
True;15;11;2;8;23;7;4;2;1;41.05;1;9;0;4;0;4
True;31;6;0;7;26;12;3;8;7;38.03333333;1;8;1;1;0;4
True;30;11;1;8;22;10;1;11;8;38.96666667;1;9;0;7;2;4
True;37;13;0;10;37;14;4;10;8;46.78333333;8;18;3;6;1;6
True;23;7;1;9;20;10;2;4;1;29.16666667;0;9;2;6;2;1
True;39;11;1;12;35;11;3;18;14;50.33333333;4;16;1;6;3;3
True;40;8;2;11;34;14;1;12;10;46;1;12;4;6;2;4
True;12;5;0;6;13;4;1;8;4;30.8;1;7;3;3;0;3
True;29;4;0;3;19;13;3;5;3;33.93333333;2;5;1;2;0;4
True;22;11;2;9;19;9;3;4;4;33.33333333;0;9;4;3;0;3
True;23;3;1;3;23;9;1;7;4;35.06666667;2;5;4;5;1;3
True;31;13;0;4;22;12;1;6;4;36.33333333;0;4;2;5;3;2
True;29;4;0;6;23;10;0;14;9;35.01666667;0;6;0;3;0;2
True;31;8;0;4;19;11;2;12;8;37.85;3;7;2;3;1;5
True;31;6;1;3;21;12;4;10;7;39.38333333;0;3;2;2;0;3
True;27;6;0;6;13;9;3;9;8;34.98333333;3;9;0;1;1;4
True;19;8;2;9;15;8;1;2;2;33.33333333;2;11;0;2;1;3
True;15;13;0;6;14;7;0;5;1;34.96666667;0;6;1;2;0;2
True;25;5;0;11;20;8;2;9;7;38.21666667;2;13;0;5;2;3
True;26;5;0;7;22;10;0;6;5;35.71666667;2;9;1;6;1;2
True;33;3;3;9;24;14;3;4;4;40.33333333;1;10;2;3;1;2
True;25;8;0;3;15;10;0;8;5;29.41666667;0;3;4;1;0;4
True;24;3;1;6;20;10;3;4;4;35.7;1;7;2;3;0;6
True;33;11;0;7;27;12;2;8;7;39.61666667;2;9;2;5;2;7
True;23;4;1;5;17;10;0;4;3;25.31666667;0;5;3;3;0;2
True;24;5;0;8;22;9;2;7;6;37.71666667;1;9;0;3;0;1
True;14;7;1;4;10;4;3;9;5;35.38333333;0;4;2;5;1;2
True;34;2;1;3;24;13;2;8;7;34.38333333;3;6;2;3;1;5
True;29;3;0;5;18;11;2;4;3;29.21666667;0;5;2;7;4;0
True;20;7;0;2;11;7;1;8;5;30.68333333;0;2;3;2;1;2
True;34;4;1;10;22;12;3;8;6;39.7;0;10;1;9;4;2
True;13;8;2;12;12;5;1;4;3;32.23333333;0;12;1;4;0;3
True;37;9;0;7;22;15;1;6;4;37;0;7;2;5;3;2
True;27;7;0;7;17;9;2;8;6;41.71666667;3;10;2;6;3;4
True;19;7;2;5;14;7;1;6;4;36.38333333;2;7;0;2;1;4
True;17;5;1;1;12;7;1;4;2;29.05;0;1;1;1;1;4
True;22;12;0;4;17;9;4;5;3;35.18333333;1;5;0;4;1;0
True;25;9;1;4;15;11;2;3;2;38.01666667;0;4;1;1;1;5
True;21;9;0;3;8;7;2;7;7;31.01666667;0;3;0;1;0;2
True;20;8;0;8;16;7;3;7;6;35.8;1;9;1;2;0;1
True;29;7;2;4;17;10;2;11;9;34.15;1;5;2;2;0;2
True;24;6;1;10;22;9;2;10;6;43.58333333;2;12;2;5;0;1
True;27;8;0;3;20;11;2;3;3;36.7;0;3;1;5;2;2
True;21;10;1;9;16;8;1;5;4;30.9;1;10;2;2;1;4
True;29;11;0;6;22;12;1;5;2;36.66666667;1;7;1;6;3;1
True;25;9;1;7;19;11;3;3;3;34.61666667;2;9;0;2;0;2
True;25;11;0;4;22;11;3;1;1;37.5;3;7;3;5;2;5
True;23;7;0;6;13;8;1;8;5;30.31666667;1;7;2;4;2;2
True;33;4;0;5;22;14;2;5;3;36.81666667;0;5;2;4;2;5
True;19;7;0;12;18;7;1;4;4;30.38333333;1;13;3;4;1;1
True;28;8;1;7;20;11;2;9;5;36;4;11;2;4;1;4
True;25;6;0;7;19;8;1;9;8;36.55;4;11;0;5;1;5
True;24;7;2;3;18;9;2;8;5;34.83333333;2;5;0;4;1;3
True;27;5;0;5;15;9;2;7;6;30.71666667;1;6;1;4;3;2
True;18;8;1;6;15;6;3;6;6;35.73333333;1;7;1;3;0;4
True;33;11;0;8;19;12;2;11;8;33.43333333;3;11;0;2;1;3
True;26;8;1;1;22;9;0;10;7;36.91666667;5;6;2;4;1;2
True;27;10;2;8;21;10;4;6;5;35.76666667;3;11;1;3;2;2
True;24;11;1;4;11;8;0;10;8;30.66666667;0;4;2;0;0;6
True;29;9;1;13;26;12;4;5;4;44.41666667;3;16;3;5;1;3
True;31;12;0;5;22;14;4;3;3;40.83333333;3;8;2;0;0;5
True;17;9;1;5;9;7;0;2;2;28.06666667;0;5;0;2;1;4
True;34;6;1;5;16;13;2;5;5;32.41666667;1;6;2;4;3;4
True;22;11;2;5;17;9;3;4;4;40.85;1;6;2;3;0;1
True;27;3;0;5;18;12;3;3;1;39.73333333;1;6;3;4;2;5
True;20;7;1;12;24;8;2;5;3;42.91666667;1;13;0;6;1;5
True;22;6;0;9;19;9;4;3;3;41.45;2;11;2;6;1;2
True;25;9;1;7;21;11;3;1;1;40.56666667;0;7;5;4;2;4
True;27;5;0;4;15;9;4;9;5;28.13333333;0;4;3;6;4;2
True;24;8;0;11;16;8;2;9;7;38.96666667;2;13;2;4;1;5
True;21;9;1;5;23;10;2;3;0;37.86666667;5;10;2;5;1;6
True;24;4;1;4;13;11;3;4;2;28.3;2;6;2;1;0;4
True;23;11;0;10;13;7;2;17;9;33.75;1;11;3;2;0;2
True;23;8;1;6;17;10;2;3;1;31.5;0;6;2;4;2;2
True;33;6;3;9;22;13;2;7;4;41.25;2;11;1;6;3;3
True;32;6;2;9;26;14;2;5;3;40.06666667;2;11;1;2;1;5
True;41;7;3;12;30;16;1;8;5;42.63333333;4;16;3;8;4;2
True;41;11;3;6;27;16;3;8;6;42.58333333;2;8;4;6;3;1
True;27;11;3;10;24;9;1;10;8;46.81666667;1;11;2;5;1;5
True;19;14;1;8;14;9;3;2;1;32.38333333;3;11;0;3;0;4
True;21;7;0;6;16;7;2;7;5;38.66666667;2;8;0;6;2;5
True;23;9;1;5;16;7;2;11;7;39;1;6;1;6;2;2
True;19;8;0;10;12;6;4;10;6;35.85;3;13;0;3;1;4
True;30;12;0;6;22;12;2;5;5;36.36666667;1;7;1;4;1;2
True;25;14;0;7;23;9;1;7;6;35.86666667;1;8;2;5;1;5
True;27;5;2;10;18;9;1;9;6;38.1;0;10;2;4;3;6
True;19;8;1;8;21;8;0;2;1;38.7;0;8;1;5;2;3
True;28;14;0;9;15;10;2;10;6;38.06666667;0;9;1;5;2;5
True;21;3;1;3;14;9;1;3;2;28.05;0;3;0;3;1;2
True;31;13;0;9;21;11;0;8;7;37.5;1;10;3;3;2;3
True;19;11;0;5;13;6;1;5;5;29.05;0;5;1;5;2;4
True;26;13;0;8;19;9;0;9;7;41.5;2;10;1;4;1;5
True;34;7;0;5;26;12;2;9;8;42.01666667;3;8;2;7;2;1
True;25;7;2;4;10;7;2;14;10;32.45;2;6;1;2;1;4
True;27;8;0;6;22;12;2;4;2;37.31666667;2;8;3;3;1;3
True;44;10;1;8;24;17;3;9;5;42.45;1;9;3;10;5;5
True;23;8;0;5;17;9;1;8;5;36.48333333;1;6;3;4;0;6
True;26;9;2;6;18;9;1;11;6;38.91666667;1;7;2;5;2;2
True;34;7;1;9;25;12;2;6;5;47.48333333;3;12;1;9;5;2
True;29;6;0;8;24;12;0;1;1;34.41666667;1;9;0;7;4;2
True;19;6;0;4;16;7;0;6;5;27.26666667;1;5;3;3;0;1
True;31;4;1;8;22;12;2;7;3;40.18333333;5;13;2;8;4;5
True;23;11;3;6;18;9;2;7;3;43.73333333;2;8;1;6;2;8
True;32;9;0;4;25;12;1;6;4;35.78333333;2;6;1;8;4;1
True;26;6;1;5;21;9;1;10;8;38.91666667;2;7;2;4;0;4
True;36;6;0;9;20;14;2;10;8;35.28333333;0;9;2;1;0;5
True;28;4;0;5;17;11;3;6;4;39.51666667;3;8;1;4;2;7
True;16;15;1;2;12;6;2;3;3;41.68333333;0;2;1;4;1;5
True;21;15;2;9;12;8;2;8;5;39.13333333;0;9;1;2;0;4
True;31;11;0;5;18;13;1;7;4;34.23333333;0;5;0;3;1;5
True;25;8;0;13;18;9;1;10;7;36.83333333;1;14;1;2;0;2
True;27;12;1;8;14;11;1;7;4;34.46666667;0;8;2;2;1;2
True;32;10;0;5;20;12;1;5;4;39.58333333;0;5;0;8;4;5
True;32;17;2;7;18;12;6;5;2;42.06666667;0;7;2;8;6;6
True;25;9;1;5;16;9;2;8;6;38.26666667;1;6;1;2;1;4
True;27;12;0;5;16;11;1;4;4;33.15;0;5;2;1;1;6
True;25;14;0;7;14;10;3;6;3;39.5;1;8;0;3;2;6
True;31;4;0;5;17;12;2;4;3;32.58333333;0;5;1;5;4;4
True;18;15;3;13;11;7;1;6;4;37.1;0;13;0;2;0;6
True;24;6;0;10;12;8;1;9;7;37.18333333;0;10;0;2;1;2
True;38;8;0;12;27;14;4;8;4;39.16666667;1;13;0;10;6;2
True;24;13;1;12;14;8;3;10;6;37.56666667;0;12;0;5;2;4
True;16;12;0;11;12;6;0;5;4;28.4;0;11;0;2;0;2
True;33;6;1;10;20;13;0;10;5;38.25;0;10;2;5;2;6
True;34;7;0;6;22;13;2;8;5;37.85;0;6;1;8;3;3
True;32;11;2;9;14;9;2;16;14;39.9;0;9;1;1;0;4
True;34;6;0;7;22;14;2;6;3;29.93333333;2;9;0;7;3;2
True;41;11;1;12;29;16;4;12;6;51.65;4;16;2;10;3;1
True;18;11;1;10;14;7;2;6;4;37.1;1;11;2;3;0;6
True;36;6;2;8;22;14;3;7;7;38.55;2;10;0;4;1;3
True;32;13;0;5;20;12;3;9;6;42.73333333;1;6;3;3;2;3
True;25;7;4;10;20;11;2;6;3;42.26666667;0;10;4;2;0;8
True;41;12;2;12;27;14;4;14;7;45.21666667;1;13;1;12;6;3
True;33;4;2;10;25;13;1;9;6;44.73333333;0;10;4;3;1;4
True;35;4;1;8;23;13;2;8;7;41.03333333;2;10;1;5;2;3
True;39;4;2;5;14;10;3;21;15;36.6;1;6;3;6;4;3
True;35;7;0;8;16;9;1;16;15;40.63333333;0;8;1;4;2;5
True;35;6;1;8;22;11;1;9;8;46.18333333;1;9;0;12;5;6
True;38;7;0;7;24;14;2;11;9;41.96666667;2;9;2;6;1;2
True;30;7;3;4;18;12;1;4;2;32.8;0;4;4;6;4;1
True;34;6;1;5;27;15;4;4;3;38.26666667;0;5;1;6;1;5
True;35;8;1;7;18;13;4;8;5;34.73333333;1;8;3;7;4;2
True;31;11;0;9;22;11;2;10;6;40.76666667;1;10;1;8;3;2
True;29;9;2;15;19;12;3;4;4;41.2;1;16;0;5;1;4
True;24;8;1;4;16;10;1;2;2;37.41666667;1;5;1;4;2;5
True;34;13;0;2;20;13;1;5;4;37.25;0;2;3;6;4;2
True;57;7;2;6;34;23;2;9;9;42.68333333;5;11;3;4;2;3
True;30;9;0;7;20;10;1;10;8;36.7;1;8;3;4;2;1
True;19;4;1;10;14;6;3;8;6;41.78333333;1;11;0;3;1;6
True;23;12;3;6;14;7;1;10;7;36.26666667;3;9;0;4;2;5
True;31;8;1;4;24;12;4;3;3;36.63333333;2;6;2;7;4;3
True;39;6;0;13;26;17;0;5;1;46.13333333;1;14;1;9;4;6
True;18;8;1;2;14;7;2;1;1;27.26666667;0;2;1;5;3;0
True;33;5;0;5;17;11;2;9;7;33.43333333;1;6;2;7;4;3
True;27;13;3;15;20;10;2;7;4;39.56666667;1;16;0;8;3;3
True;30;6;0;11;23;12;0;4;3;31.05;3;14;0;7;3;3
True;21;6;1;10;16;10;1;1;0;28.43333333;2;12;5;3;1;2
True;24;12;2;5;11;8;3;7;5;37.56666667;1;6;2;6;3;3
True;34;12;1;2;22;13;1;8;8;39.15;0;2;0;3;0;5
True;23;6;0;7;15;9;1;4;3;34.26666667;0;7;2;4;2;2
True;32;9;2;9;18;12;0;6;3;41.05;2;11;3;8;5;7
True;30;13;0;10;23;9;1;12;10;38.73333333;3;13;3;6;2;6
True;25;17;0;7;13;11;4;2;1;35.01666667;0;7;2;3;2;2
True;25;12;2;11;18;8;0;12;8;38.71666667;1;12;2;6;1;5
True;29;10;0;11;15;9;2;10;10;36.8;0;11;1;4;1;5
True;20;15;1;10;23;8;4;3;2;41.35;2;12;0;7;2;6
True;34;9;0;5;23;12;1;8;8;39.1;1;6;3;5;2;4
True;24;8;1;5;17;10;2;4;4;33.81666667;1;6;4;2;0;3
True;33;9;1;7;23;12;1;7;5;37.28333333;3;10;6;7;4;3
True;16;6;0;4;16;7;1;8;2;34.78333333;1;5;1;4;0;6
True;26;11;1;10;17;11;0;5;4;39.93333333;0;10;4;2;0;11
True;25;14;0;7;15;8;0;9;8;37.8;1;8;1;4;1;3
True;24;5;0;9;21;8;1;11;7;38.28333333;2;11;1;6;1;7
True;37;15;1;9;22;16;3;2;0;48.31666667;1;10;1;7;5;5
True;22;18;0;10;20;8;2;7;6;40.71666667;2;12;0;3;0;3
True;24;10;1;8;20;9;1;7;4;27.9;0;8;1;5;2;2
True;37;8;1;8;23;14;1;10;6;39.73333333;0;8;0;7;3;5
True;18;11;0;14;16;7;0;4;4;36.66666667;0;14;1;2;0;3
True;31;11;0;8;25;13;1;3;3;38.78333333;4;12;1;4;2;1
True;31;7;0;5;17;11;2;6;4;28.73333333;2;7;1;7;5;3
True;39;10;0;7;25;15;2;8;4;39.13333333;1;8;1;8;5;3
True;28;11;2;13;14;7;2;15;13;33.21666667;0;13;3;2;1;5
True;33;12;2;11;26;15;3;4;1;39.88333333;1;12;1;8;2;6
True;40;10;1;7;29;16;2;8;5;40.01666667;5;12;2;7;3;6
True;35;17;0;6;19;11;2;14;12;39.4;1;7;1;3;1;0
True;27;9;1;6;16;11;3;6;4;29.26666667;0;6;1;4;1;4
True;37;8;0;8;19;14;3;10;8;38.05;2;10;1;4;1;2
True;41;8;0;8;26;14;1;11;9;36.88333333;2;10;1;8;4;4
True;27;11;0;8;24;12;0;3;3;41.75;1;9;1;4;0;1
True;16;12;0;10;21;5;1;4;4;38.53333333;3;13;0;3;2;2
True;27;6;0;10;14;8;2;11;8;37.26666667;0;10;0;6;3;5
True;33;14;0;7;20;12;2;10;7;38.8;2;9;0;7;2;6
True;26;11;0;6;16;7;2;10;9;38.63333333;0;6;1;6;3;4
True;46;5;0;11;24;17;1;13;10;39.88333333;1;12;2;5;2;3
True;32;7;2;11;22;12;3;9;8;46.15;2;13;0;5;0;1
True;44;8;1;7;24;14;3;15;15;41.81666667;3;10;1;4;1;5
True;45;7;0;6;25;16;4;15;11;43.41666667;3;9;4;3;2;4
True;26;13;2;11;30;12;2;6;1;46.93333333;0;11;1;8;1;1
True;43;14;0;7;28;19;1;8;4;40.5;1;8;1;3;1;1
True;38;7;1;5;26;14;1;11;9;41.26666667;1;6;3;4;1;4
True;29;11;1;8;19;12;2;8;5;38.4;0;8;2;3;0;2
True;27;12;2;4;12;8;3;10;8;37.5;1;5;2;3;3;3
True;44;3;0;4;28;17;3;13;9;41.88333333;1;5;2;4;1;7
True;46;9;1;8;33;17;2;11;7;46.1;3;11;3;7;5;3
True;35;9;2;15;24;12;4;11;8;48;0;15;0;8;3;8
