W;season;o:team;Lebron James:points;Lebron James:assists;Lebron James:blocks;Lebron James:field goals attempted;Lebron James:fouls;Lebron James:free throws attempted;Lebron James:minutes;Lebron James:rebounds;Lebron James:steals;Lebron James:three pointers attempted;Lebron James:turnovers
False;2003;Kings;25;9;0;20;3;3;43;6;4;2;2
False;2003;Suns;21;8;0;17;1;7;40;12;1;5;7
False;2003;Trailblazers;8;6;0;12;3;2;39;4;2;1;2
False;2003;Nuggets;7;7;3;11;1;1;41;11;2;2;2
False;2003;Pacers;23;3;0;18;2;7;44;5;0;2;7
False;2003;Heat;18;7;1;15;3;6;42;3;2;5;4
False;2003;Celtics;10;3;0;12;3;4;35;5;0;4;4
False;2003;Wizards;28;8;1;18;2;8;40;7;2;4;4
False;2003;Timberwolves;19;2;0;19;4;3;36;9;1;2;1
False;2003;Hawks;15;4;1;16;1;10;42;6;2;1;3
False;2003;Pelicans;15;9;0;17;1;4;39;8;0;4;4
False;2003;Pistons;6;7;0;8;3;3;36;2;0;2;4
False;2003;Grizzlies;33;7;1;28;1;3;55;16;1;6;8
False;2003;Nuggets;19;5;0;19;4;7;32;6;2;3;2
False;2003;Clippers;4;8;0;13;2;0;34;6;2;3;5
False;2003;Raptors;18;3;0;16;2;4;37;5;1;0;2
False;2003;Celtics;37;4;0;20;2;18;45;3;0;5;2
False;2003;Pacers;27;6;3;16;1;8;44;4;3;3;6
False;2003;Rockets;17;3;0;19;2;2;36;1;0;4;2
False;2003;Magic;34;6;1;28;0;5;47;2;2;10;8
False;2003;Bulls;18;4;2;24;0;4;34;3;1;4;5
False;2003;Pacers;22;4;0;20;2;6;38;10;0;4;4
False;2003;Nets;14;9;0;19;2;4;37;4;1;4;3
False;2003;Raptors;21;5;0;23;3;2;38;2;0;3;2
False;2003;Celtics;19;6;0;19;1;7;43;3;3;3;5
False;2003;Lakers;16;7;1;20;3;5;37;5;1;3;6
False;2003;Warriors;29;6;0;21;0;13;43;6;3;5;2
False;2003;Bucks;20;3;0;25;5;8;37;8;1;6;5
False;2003;Lakers;32;4;0;26;0;5;43;4;0;4;0
False;2003;Timberwolves;14;5;0;18;2;4;44;9;0;3;3
False;2003;Wizards;14;6;1;16;2;2;34;0;4;0;3
False;2003;Nets;9;5;0;13;0;5;29;2;1;1;5
False;2003;Mavericks;16;9;1;12;2;4;34;4;0;0;5
False;2003;Rockets;11;5;1;18;1;3;39;7;2;2;2
False;2003;Bulls;18;3;1;17;2;6;41;3;4;2;3
False;2003;Jazz;14;7;1;14;3;10;33;0;2;2;2
False;2003;Pistons;15;3;2;17;4;5;36;7;0;4;4
False;2003;Suns;25;6;1;21;0;9;41;2;3;5;5
False;2003;Seventysixers;16;7;1;13;1;9;33;3;0;2;5
False;2003;Spurs;18;4;1;20;0;0;32;2;0;1;2
False;2003;Mavericks;28;6;0;22;2;4;42;5;4;2;3
False;2003;Bucks;20;7;0;19;3;2;36;7;5;0;5
False;2003;Warriors;34;10;1;28;1;11;46;8;1;5;3
False;2003;Raptors;21;4;0;17;2;14;46;6;3;0;3
False;2003;Grizzlies;14;5;0;11;4;7;36;3;3;0;2
False;2003;Heat;24;8;0;14;2;15;42;7;1;1;8
False;2004;Pacers;28;8;3;19;2;12;50;5;1;5;6
False;2004;Heat;21;8;0;22;0;1;43;6;1;3;1
False;2004;Bucks;31;6;0;20;0;22;42;8;3;3;4
False;2004;Knicks;13;10;1;15;3;3;40;9;1;3;5
False;2004;Clippers;22;5;1;19;2;5;42;7;6;2;3
False;2004;Suns;15;6;1;19;2;4;40;3;2;2;6
False;2004;Bulls;19;6;1;15;2;12;38;2;1;2;4
False;2004;Spurs;23;10;0;19;2;2;42;6;4;3;3
False;2004;Pistons;11;7;1;21;2;5;45;9;4;2;3
False;2004;Celtics;31;4;1;25;6;8;40;5;3;5;4
False;2004;Nets;23;9;0;18;2;10;42;9;1;1;4
False;2004;Rockets;3;5;0;5;0;5;17;3;0;1;0
False;2004;Lakers;28;9;1;26;1;4;44;13;1;4;4
False;2004;Supersonics;35;11;1;30;4;6;44;5;4;7;1
False;2004;Kings;18;6;0;19;0;1;37;8;1;1;3
False;2004;Wizards;31;8;1;26;3;10;48;10;2;1;5
False;2004;Magic;28;7;1;20;2;13;43;5;0;3;3
False;2004;Heat;31;10;0;23;2;12;46;2;3;3;2
False;2004;Nuggets;35;6;0;29;2;12;43;6;1;6;4
False;2004;Timberwolves;26;8;0;19;0;6;41;7;1;2;2
False;2004;Pacers;21;5;1;25;0;4;41;7;2;1;2
False;2004;Nets;28;7;0;20;4;10;45;4;2;2;5
False;2004;Spurs;20;7;0;22;3;10;45;8;0;4;2
False;2004;Supersonics;32;5;0;20;2;8;41;5;0;7;4
False;2004;Seventysixers;34;7;0;21;1;12;40;7;4;1;6
False;2004;Heat;23;5;0;19;1;7;41;4;2;1;1
False;2004;Bucks;34;6;0;26;0;7;45;7;1;9;5
False;2004;Seventysixers;16;8;0;20;0;12;46;8;4;4;4
False;2004;Raptors;56;5;0;36;0;15;48;10;2;12;4
False;2004;Rockets;19;8;0;22;1;7;42;4;1;4;2
False;2004;Mavericks;19;6;0;17;1;6;36;4;0;2;3
False;2004;Bulls;26;7;2;28;5;11;53;6;4;4;3
False;2004;Kings;35;9;0;21;2;10;44;8;2;4;7
False;2004;Nets;24;4;2;19;2;6;40;9;2;6;6
False;2004;Pacers;20;3;0;18;2;4;33;4;1;3;2
False;2004;Seventysixers;37;7;0;30;1;11;48;13;5;6;5
False;2004;Knicks;27;7;2;25;3;14;42;18;2;13;4
False;2004;Wizards;38;6;0;33;3;8;48;6;1;6;1
False;2004;Pistons;37;6;1;35;0;14;45;11;0;7;1
False;2005;Spurs;20;4;1;16;3;7;36.56666667;6;0;3;3
False;2005;Grizzlies;36;6;0;29;2;5;40.85;2;2;9;2
False;2005;Pacers;19;4;1;20;4;11;43.03333333;10;5;4;6
False;2005;Timberwolves;38;2;0;29;2;6;44.06666667;5;4;11;2
False;2005;Supersonics;34;8;3;27;1;8;45.11666667;3;1;5;1
False;2005;Clippers;30;6;1;25;3;14;44.7;5;1;5;1
False;2005;Nets;32;3;1;26;3;15;44.85;6;0;4;7
False;2005;Bucks;52;7;0;29;5;10;42.8;7;2;9;3
False;2005;Hawks;39;6;0;23;5;16;45.13333333;10;2;6;6
False;2005;Nets;31;8;0;21;3;9;40.3;10;2;5;4
False;2005;Rockets;32;5;0;19;4;6;44.25;9;1;7;3
False;2005;Knicks;36;7;1;31;0;11;46;7;0;7;1
False;2005;Lakers;28;9;0;22;2;9;40.1;2;0;3;5
False;2005;Suns;46;8;0;28;1;5;43.75;7;1;8;1
False;2005;Trailblazers;29;7;3;26;3;11;41.33333333;13;1;5;2
False;2005;Nuggets;24;9;0;20;5;15;41.6;11;0;6;2
False;2005;Warriors;14;6;0;22;3;6;35.2;9;0;3;6
False;2005;Heat;29;7;0;29;0;3;39.3;5;1;5;1
False;2005;Seventysixers;31;6;1;17;0;10;47.18333333;4;2;7;4
False;2005;Wizards;18;8;0;23;2;8;45.38333333;9;1;3;2
False;2005;Warriors;33;6;2;17;5;8;43.8;5;1;6;2
False;2005;Seventysixers;33;5;1;24;3;10;43.11666667;6;2;4;6
False;2005;Wizards;25;9;0;21;2;19;47.76666667;7;1;8;4
False;2005;Pistons;22;7;0;20;3;3;37.76666667;9;0;3;3
False;2005;Pistons;26;6;1;22;0;10;46.56666667;4;0;3;5
False;2005;Kings;19;12;2;21;1;7;44.66666667;7;1;4;5
False;2005;Magic;25;2;1;22;0;6;38.96666667;7;2;6;5
False;2005;Heat;47;4;1;27;2;28;45.28333333;7;0;6;5
False;2005;Mavericks;36;5;2;27;1;8;44.96666667;12;0;2;4
False;2005;Knicks;36;7;0;24;3;14;44.8;2;3;7;5
False;2005;Pistons;22;1;0;18;0;8;31.35;3;0;3;2
False;2005;Wizards;17;4;1;16;2;2;29.53333333;5;1;0;3
False;2005;Wizards;26;2;3;25;5;15;43.46666667;9;2;6;10
False;2005;Wizards;38;5;0;23;5;7;45.33333333;6;0;12;7
False;2005;Pistons;22;4;0;18;3;2;36;4;0;5;4
False;2005;Pistons;30;7;0;23;4;8;47.53333333;14;0;5;3
False;2005;Pistons;32;5;1;20;2;18;47.83333333;11;1;5;7
False;2005;Pistons;27;2;0;24;2;8;46.75;8;1;4;3
False;2006;Hornets;16;7;1;13;0;10;38.1;9;0;3;2
False;2006;Hawks;34;6;1;26;1;11;47.28333333;7;2;8;2
False;2006;Wizards;20;4;0;20;2;5;33.33333333;5;2;1;3
False;2006;Raptors;30;8;0;24;1;9;39.91666667;10;4;7;2
False;2006;Pacers;30;5;0;14;6;20;42.43333333;7;1;2;3
False;2006;Knicks;27;6;1;22;1;11;41.18333333;7;0;5;5
False;2006;Rockets;21;4;0;22;2;7;35.73333333;5;0;6;3
False;2006;Pelicans;15;6;0;18;1;1;41.6;7;4;3;3
False;2006;Magic;29;5;1;19;4;9;41.05;5;0;5;4
False;2006;Nets;37;8;1;22;4;21;40.18333333;1;2;3;3
False;2006;Pistons;26;5;0;20;1;8;43;10;2;1;1
False;2006;Bulls;33;3;0;26;4;3;40.33333333;9;1;4;5
False;2006;Suns;34;6;0;28;2;2;38.81666667;6;1;9;5
False;2006;Supersonics;30;8;1;21;0;15;43.56666667;7;2;7;4
False;2006;Trailblazers;23;2;0;21;0;13;35.11666667;6;1;4;4
False;2006;Nuggets;30;10;0;23;2;14;43.86666667;10;2;1;3
False;2006;Magic;18;5;0;15;2;13;43.38333333;4;3;3;2
False;2006;Seventysixers;39;5;0;26;2;13;53.16666667;10;1;8;4
False;2006;Suns;30;5;0;22;2;6;42.06666667;9;2;6;3
False;2006;Heat;17;9;0;18;4;8;35.58333333;6;1;7;2
False;2006;Pistons;21;6;0;22;2;3;43.28333333;5;2;4;3
False;2006;Jazz;23;4;3;25;2;9;42.65;10;1;3;0
False;2006;Bulls;29;2;0;28;1;8;42.96666667;7;3;4;3
False;2006;Heat;29;7;1;22;2;12;41.5;3;0;5;2
False;2006;Mavericks;39;5;0;27;2;8;39.96666667;3;0;4;2
False;2006;Hornets;37;6;3;31;4;12;46.55;6;1;9;3
False;2006;Mavericks;31;4;3;28;3;7;45.45;6;2;6;6
False;2006;Nuggets;18;8;0;19;4;1;40.81666667;3;1;6;5
False;2006;Knicks;24;7;0;20;3;14;43.91666667;6;2;5;3
False;2006;Heat;35;5;0;21;4;13;48.6;9;0;5;4
False;2006;Pistons;20;6;0;16;2;11;43.1;5;1;4;5
False;2006;Nets;18;12;0;16;2;7;44.13333333;6;0;5;2
False;2006;Nets;20;5;1;14;4;11;42.78333333;9;2;2;5
False;2006;Pistons;10;9;1;15;1;0;45.36666667;10;4;0;2
False;2006;Pistons;19;7;0;19;1;7;44.68333333;6;3;1;6
False;2006;Spurs;14;4;1;16;1;4;44;7;1;6;6
False;2006;Spurs;25;6;0;21;3;11;38;7;1;2;6
False;2006;Spurs;25;7;1;23;3;8;41.98333333;8;2;5;5
False;2006;Spurs;24;10;0;30;1;6;46.48333333;6;0;7;6
False;2007;Mavericks;10;4;0;11;4;10;36.15;5;1;2;5
False;2007;Suns;27;8;4;26;0;2;43.21666667;5;2;5;3
False;2007;Jazz;32;13;2;27;4;15;40.75;15;3;4;4
False;2007;Nuggets;27;4;0;16;3;14;33.78333333;1;2;3;4
False;2007;Magic;39;14;2;27;1;9;47.23333333;13;0;4;4
False;2007;Bucks;34;7;1;22;4;12;44.1;7;1;7;3
False;2007;Pistons;15;3;0;11;1;9;19.51666667;1;0;2;0
False;2007;Nets;29;8;0;25;3;3;41.15;6;2;9;6
False;2007;Seventysixers;21;6;1;18;1;1;41.76666667;6;0;1;3
False;2007;Knicks;32;6;0;21;1;6;36.86666667;8;6;6;4
False;2007;Warriors;25;8;1;20;2;13;40.85;5;1;2;3
False;2007;Pelicans;21;6;0;21;1;6;42.35;5;1;4;4
False;2007;Hawks;31;6;1;22;3;9;43.38333333;10;3;4;3
False;2007;Suns;36;5;0;30;3;10;39.43333333;7;2;1;1
False;2007;Rockets;32;6;2;23;0;11;41.21666667;7;2;5;3
False;2007;Nuggets;30;3;0;23;1;6;32.6;5;2;5;5
False;2007;Spurs;39;9;1;31;4;7;42.73333333;6;0;5;3
False;2007;Rockets;26;11;0;18;2;11;42.13333333;13;2;7;5
False;2007;Bucks;35;6;1;24;3;5;37.83333333;4;0;3;2
False;2007;Celtics;26;4;0;24;2;15;39;8;0;6;3
False;2007;Bulls;39;1;3;27;1;12;37.91666667;3;1;8;4
False;2007;Nets;42;7;2;23;5;23;45.68333333;11;1;7;6
False;2007;Wizards;25;7;0;22;4;8;43.38333333;7;0;7;7
False;2007;Magic;30;6;1;22;1;11;42.23333333;9;0;4;3
False;2007;Bucks;29;4;0;25;3;10;38.58333333;11;2;9;4
False;2007;Pelicans;21;8;2;14;2;10;40.55;3;2;2;2
False;2007;Pistons;13;5;0;17;0;6;35.3;4;0;5;5
False;2007;Magic;17;9;2;22;1;8;42.36666667;7;2;5;5
False;2007;Bulls;34;2;0;21;2;12;38.18333333;6;3;6;3
False;2007;Wizards;22;3;1;19;3;4;35.95;7;1;4;4
False;2007;Wizards;34;7;2;21;0;18;44.08333333;10;1;9;5
False;2007;Celtics;12;9;1;18;4;10;38.81666667;9;1;6;10
False;2007;Celtics;21;6;1;24;1;13;41.63333333;5;2;4;7
False;2007;Celtics;35;5;1;25;3;13;44.71666667;3;1;5;4
False;2007;Celtics;45;6;0;29;4;19;46.8;5;2;11;2
False;2008;Celtics;22;6;1;21;4;8;36;7;2;4;3
False;2008;Pelicans;15;13;0;15;3;4;37.71666667;7;3;3;5
False;2008;Pistons;25;6;0;21;1;10;39.48333333;6;4;4;3
False;2008;Hawks;33;9;1;19;2;12;45.66666667;6;4;7;1
False;2008;Heat;38;7;2;24;2;14;43.48333333;2;0;8;5
False;2008;Wizards;30;10;2;22;4;8;40.76666667;6;1;9;7
False;2008;Bulls;28;7;1;28;4;16;44.31666667;14;1;6;8
False;2008;Lakers;23;4;1;25;1;8;42.16666667;9;4;5;6
False;2008;Magic;23;8;1;27;1;6;37.68333333;8;1;2;2
False;2008;Lakers;16;12;0;20;1;8;40.13333333;8;0;8;1
False;2008;Pacers;47;4;1;21;1;14;41.16666667;7;1;7;7
False;2008;Rockets;21;0;2;21;4;6;33.85;1;1;5;3
False;2008;Celtics;21;5;0;15;1;12;38.28333333;6;1;5;4
False;2008;Wizards;31;6;0;18;1;7;38.33333333;9;0;8;6
False;2008;Magic;26;5;0;20;1;10;32;9;1;5;2
False;2008;Magic;49;8;3;30;1;10;41.23333333;6;2;6;2
False;2008;Magic;41;9;1;28;3;24;41.95;7;2;8;2
False;2008;Magic;44;7;1;29;5;18;49.4;12;1;10;8
False;2008;Magic;25;7;1;20;4;11;44.88333333;7;0;8;3
False;2009;Celtics;38;8;4;22;4;13;44.91666667;4;2;9;5
False;2009;Raptors;23;12;0;19;1;14;39.76666667;11;2;5;4
False;2009;Bulls;25;6;1;17;0;9;38.21666667;7;1;4;3
False;2009;Wizards;34;9;0;20;4;8;35.13333333;2;2;7;6
False;2009;Hornets;25;4;0;19;4;4;38.01666667;6;0;7;6
False;2009;Grizzlies;43;6;1;29;2;12;44.78333333;13;0;11;5
False;2009;Rockets;27;7;1;21;2;10;39.66666667;6;1;4;5
False;2009;Mavericks;25;6;2;23;3;7;43.08333333;3;2;6;2
False;2009;Hornets;29;6;1;21;3;2;42.85;7;1;6;1
False;2009;Nuggets;35;7;0;28;1;13;41.3;6;1;8;8
False;2009;Jazz;36;6;0;20;1;12;40.41666667;9;5;6;5
False;2009;Nuggets;43;15;4;33;1;17;47;13;2;9;3
False;2009;Hornets;22;9;0;14;2;10;35.5;3;4;6;2
False;2009;Magic;33;6;1;25;0;12;39.38333333;9;2;6;5
False;2009;Spurs;27;10;0;21;2;7;39.3;5;2;6;5
False;2009;Celtics;42;9;1;31;0;22;44.53333333;7;1;9;3
False;2009;Bulls;39;8;3;26;3;13;44.26666667;10;2;8;5
False;2009;Celtics;24;4;2;15;1;15;41.15;7;3;4;5
False;2009;Celtics;22;8;1;18;4;11;43.23333333;9;2;5;7
False;2009;Celtics;15;7;0;14;3;12;41.66666667;6;1;4;3
False;2009;Celtics;27;10;1;21;2;12;46.2;19;3;4;9
False;2010;Celtics;31;3;2;21;0;12;42.65;4;1;6;8
False;2010;Pelicans;20;10;1;16;0;8;41.2;7;3;2;3
False;2010;Jazz;20;14;3;18;3;11;46.73333333;11;1;1;2
False;2010;Celtics;35;9;0;21;3;22;44.46666667;10;3;5;4
False;2010;Grizzlies;29;11;0;23;2;6;42.1;3;1;4;4
False;2010;Pacers;25;6;0;14;3;15;41.56666667;5;1;8;6
False;2010;Magic;25;4;0;18;3;8;40.73333333;6;1;3;3
False;2010;Mavericks;23;4;0;19;3;15;36.06666667;8;1;4;5
False;2010;Mavericks;19;7;0;17;4;7;36.08333333;10;0;4;5
False;2010;Clippers;27;6;0;24;1;5;39.73333333;8;0;6;3
False;2010;Hawks;34;7;0;30;3;11;44.26666667;10;2;10;6
False;2010;Knicks;24;5;2;24;3;12;42.53333333;11;2;2;4
False;2010;Celtics;22;7;0;21;2;3;43.46666667;7;1;2;4
False;2010;Bulls;29;5;1;21;1;6;41.43333333;10;2;4;2
False;2010;Knicks;27;5;1;20;2;8;39.13333333;7;3;5;5
False;2010;Magic;29;4;2;16;2;7;39.93333333;6;0;2;2
False;2010;Spurs;26;7;0;19;2;7;36.13333333;8;1;3;4
False;2010;Bulls;26;6;0;18;2;6;41.83333333;8;2;2;2
False;2010;Trailblazers;31;8;0;20;3;4;45.53333333;11;1;4;4
False;2010;Thunder;19;3;1;21;0;3;39.5;8;1;3;1
False;2010;Cavaliers;27;12;0;21;3;10;43.28333333;10;0;5;3
False;2010;Bucks;29;8;2;22;2;8;39.41666667;2;2;7;4
False;2010;Seventysixers;31;6;1;20;2;11;43.55;7;1;4;1
False;2010;Celtics;15;4;5;16;3;7;42.8;7;2;3;4
False;2010;Bulls;15;6;3;15;2;4;41.2;6;2;3;4
False;2010;Mavericks;20;4;1;15;4;4;39.61666667;8;4;7;5
False;2010;Mavericks;8;7;0;11;4;4;45.71666667;9;2;3;4
False;2010;Mavericks;17;10;1;19;3;2;45.63333333;10;0;4;4
False;2010;Mavericks;21;6;1;15;2;4;40.35;4;1;5;6
False;2011;Hawks;28;6;0;18;1;9;38.55;7;0;0;4
False;2011;Warriors;26;7;0;19;1;8;42.55;11;2;2;5
False;2011;Clippers;23;7;0;19;5;17;41.88333333;13;2;1;6
False;2011;Nuggets;35;6;1;20;0;11;37.18333333;5;2;5;4
False;2011;Bucks;28;5;0;18;2;13;37.36666667;13;1;1;3
False;2011;Bucks;40;5;0;24;1;10;40.28333333;8;2;7;7
False;2011;Magic;17;10;0;15;0;10;39.25;6;3;2;3
False;2011;Jazz;35;6;3;24;2;3;44.4;10;0;4;0
False;2011;Lakers;25;7;2;26;1;3;43.03333333;13;3;4;3
False;2011;Magic;19;8;1;20;0;3;42.41666667;11;1;4;6
False;2011;Bulls;35;4;0;25;2;5;39.63333333;5;4;3;2
False;2011;Thunder;17;7;0;18;2;1;39.6;3;2;3;4
False;2011;Pacers;24;2;0;21;1;6;40.81666667;9;1;4;6
False;2011;Celtics;23;0;1;20;1;2;34.61666667;4;0;0;2
False;2011;Grizzlies;21;6;0;19;0;4;37.63333333;6;2;6;3
False;2011;Celtics;36;7;1;23;3;14;40.85;7;1;3;2
False;2011;Bulls;30;5;1;24;1;7;47.3;6;1;6;4
False;2011;Knicks;27;4;0;21;4;8;41.45;4;1;5;5
False;2011;Pacers;28;5;0;22;0;13;42.81666667;9;6;4;2
False;2011;Pacers;22;3;0;22;1;3;40.1;7;2;4;4
False;2011;Celtics;34;5;2;26;4;5;43.3;8;2;4;3
False;2011;Celtics;29;3;1;25;6;8;48.1;6;1;3;7
False;2011;Celtics;30;2;1;25;1;8;45.33333333;13;2;6;3
False;2011;Thunder;30;4;0;24;1;9;45.83333333;9;4;3;4
False;2012;Knicks;23;5;3;16;2;6;36.68333333;7;0;3;5
False;2012;Grizzlies;20;6;1;19;2;4;35.71666667;10;2;1;2
False;2012;Clippers;30;7;2;23;3;9;41.21666667;5;1;3;4
False;2012;Wizards;26;11;2;24;1;3;42.88333333;13;3;4;3
False;2012;Knicks;31;9;0;20;0;9;38.58333333;10;3;5;2
False;2012;Warriors;31;5;0;23;0;5;42.35;3;1;4;4
False;2012;Pistons;35;5;1;22;1;4;44.31666667;6;6;4;3
False;2012;Bucks;26;7;1;20;2;5;36.48333333;6;2;2;6
False;2012;Bulls;30;2;0;14;2;16;41.08333333;6;1;5;2
False;2012;Pacers;22;4;2;20;2;4;42.6;10;1;1;7
False;2012;Trailblazers;15;9;1;16;3;5;42.65;10;2;5;4
False;2012;Jazz;32;6;2;19;5;4;43.68333333;4;3;4;3
False;2012;Celtics;34;7;1;31;3;5;51.93333333;16;3;6;3
False;2012;Pacers;28;3;1;17;4;11;41.96666667;6;1;3;3
False;2012;Bulls;32;3;4;17;1;11;39.93333333;7;2;5;4
False;2012;Bulls;24;7;1;17;2;9;43.73333333;8;2;3;2
False;2012;Pacers;36;3;1;20;3;7;45.28333333;8;3;7;5
False;2012;Pacers;24;5;3;18;6;6;43.31666667;6;1;7;2
False;2012;Pacers;29;6;1;21;2;8;42.28333333;7;2;4;4
False;2012;Spurs;18;10;0;16;0;4;41.58333333;18;0;5;2
False;2012;Spurs;15;5;0;21;0;0;39.11666667;11;2;5;2
False;2012;Spurs;25;8;0;22;1;9;43.68333333;6;4;4;3
False;2013;Seventysixers;25;13;0;17;3;4;36.63333333;4;0;7;4
False;2013;Nets;26;6;1;19;2;5;42.23333333;7;2;2;5
False;2013;Celtics;25;10;0;13;1;9;36.53333333;8;0;0;5
False;2013;Pistons;23;6;1;15;2;8;36.96666667;5;2;5;6
False;2013;Bulls;21;2;0;17;2;8;33.3;5;3;4;1
False;2013;Pacers;17;6;0;16;3;6;38.53333333;14;2;4;5
False;2013;Kings;33;8;0;23;3;6;43.71666667;8;0;9;2
False;2013;Warriors;26;5;1;16;0;8;39.56666667;5;0;4;8
False;2013;Knicks;32;6;1;17;2;11;41.41666667;5;1;4;6
False;2013;Nets;36;5;0;21;6;12;49.36666667;7;0;5;4
False;2013;Wizards;25;7;0;18;1;10;41.06666667;8;2;4;4
False;2013;Hawks;30;6;0;21;1;8;38.71666667;4;1;7;3
False;2013;Thunder;34;3;0;20;1;9;42.16666667;3;0;5;3
False;2013;Jazz;13;5;0;13;2;6;39.35;7;0;6;5
False;2013;Rockets;22;6;0;18;1;6;36.63333333;1;3;3;1
False;2013;Spurs;19;7;0;18;5;9;38.06666667;8;2;3;5
False;2013;Bulls;17;8;1;23;1;0;45.31666667;9;3;3;4
False;2013;Nets;19;7;0;13;1;9;38.05;5;3;4;5
False;2013;Nuggets;21;6;0;17;3;7;39.83333333;6;1;4;4
False;2013;Pelicans;25;9;1;18;1;3;41.98333333;8;0;4;3
False;2013;Pacers;38;5;0;19;3;15;43.4;8;0;6;6
False;2013;Timberwolves;34;5;1;24;5;10;47.95;8;4;4;4
False;2013;Nets;29;6;0;16;0;14;37.13333333;10;2;3;3
False;2013;Grizzlies;37;5;0;23;1;7;41.36666667;6;2;5;5
False;2013;Hawks;27;5;1;22;2;8;37.35;8;0;7;3
False;2013;Nets;28;5;1;15;2;10;39.65;8;1;7;2
False;2013;Pacers;25;5;0;18;3;2;40.83333333;10;3;5;4
False;2013;Pacers;7;4;1;10;5;3;24.35;2;0;3;3
False;2013;Spurs;25;3;0;17;1;6;32.88333333;6;3;3;4
False;2013;Spurs;22;7;0;14;5;3;39.81666667;5;5;4;7
False;2013;Spurs;28;2;0;17;0;6;37.65;8;0;8;3
False;2013;Spurs;31;5;2;21;1;9;41.26666667;10;0;9;1
False;2014;Knicks;17;4;0;15;3;7;43.23333333;5;0;5;8
False;2014;Trailblazers;11;7;0;12;2;1;34.93333333;7;1;4;3
False;2014;Jazz;31;4;0;18;2;12;42.03333333;3;3;5;4
False;2014;Nuggets;22;5;2;18;2;7;40.56666667;9;0;4;4
False;2014;Spurs;15;9;1;17;3;1;34.1;6;1;3;5
False;2014;Wizards;22;4;1;21;0;7;39.03333333;4;1;7;3
False;2014;Raptors;15;10;1;12;2;3;37.28333333;1;1;4;5
False;2014;Pelicans;41;5;1;24;1;8;37.61666667;5;0;2;2
False;2014;Hawks;21;2;0;16;0;7;29.03333333;3;2;2;2
False;2014;Heat;30;8;0;16;1;18;40.03333333;4;0;8;4
False;2014;Pistons;17;7;0;19;3;5;31.85;10;1;6;7
False;2014;Suns;33;5;0;18;3;13;36.68333333;7;1;8;5
False;2014;Pacers;25;5;1;21;3;8;38.56666667;6;2;4;7
False;2014;Bulls;31;4;0;26;3;6;34.23333333;5;0;9;8
False;2014;Rockets;37;4;3;35;4;11;42.1;8;3;12;4
False;2014;Hawks;18;8;1;13;3;8;40.15;6;2;4;9
False;2014;Heat;26;4;0;19;2;8;35.26666667;2;0;8;4
False;2014;Nets;24;9;1;15;4;8;38.46666667;5;5;5;3
False;2014;Celtics;14;7;0;14;1;9;26.08333333;3;1;5;3
False;2014;Bulls;19;9;1;22;4;2;41.93333333;15;3;3;6
False;2014;Bulls;27;14;1;25;4;11;43.65;8;1;7;7
False;2014;Warriors;44;6;0;38;2;10;45.76666667;8;0;8;4
False;2014;Warriors;20;8;0;22;5;10;40.91666667;12;0;4;2
False;2014;Warriors;40;11;0;34;5;9;44.76666667;14;1;8;2
False;2014;Warriors;32;9;0;33;3;8;46.7;18;2;10;6
False;2015;Bulls;25;5;0;22;3;3;36.06666667;10;1;5;1
False;2015;Bucks;37;5;3;27;3;12;45.05;12;1;11;7
False;2015;Pistons;30;3;0;21;3;5;39.8;6;0;7;4
False;2015;Raptors;24;8;0;16;1;12;39.76666667;6;0;5;2
False;2015;Wizards;24;4;1;20;3;8;37.38333333;13;1;3;9
False;2015;Pelicans;37;8;1;29;4;11;44.78333333;7;1;5;5
False;2015;Warriors;25;2;2;26;0;9;38.55;9;1;5;4
False;2015;Trailblazers;12;5;0;13;2;5;26.45;4;0;3;3
False;2015;Spurs;22;5;0;17;4;4;37.33333333;7;0;3;4
False;2015;Warriors;16;5;1;16;1;2;32.88333333;5;1;3;3
False;2015;Bulls;26;9;1;27;3;7;39.73333333;13;2;5;1
False;2015;Hornets;23;6;2;21;1;5;39.13333333;6;1;3;1
False;2015;Celtics;30;4;1;23;2;17;38.08333333;7;2;5;6
False;2015;Pistons;12;5;0;18;2;2;37.5;8;3;4;6
False;2015;Raptors;25;7;0;18;2;9;40.48333333;8;1;4;6
False;2015;Grizzlies;28;5;0;19;2;5;37.63333333;9;1;4;4
False;2015;Jazz;23;3;0;20;0;2;36.88333333;12;1;6;3
False;2015;Heat;26;3;0;20;1;0;26.63333333;3;1;3;3
False;2015;Nets;30;5;0;16;2;4;35.06666667;6;1;2;4
False;2015;Bulls;33;3;1;17;1;4;38.55;7;0;5;4
False;2015;Raptors;24;5;0;17;3;7;38.83333333;8;2;5;2
False;2015;Raptors;29;6;1;16;3;6;45.8;9;2;3;1
False;2015;Warriors;23;9;1;21;2;4;40.88333333;12;2;4;4
False;2015;Warriors;19;9;1;17;3;4;33.63333333;8;4;5;7
False;2015;Warriors;25;9;3;21;4;4;45.56666667;13;2;5;7
False;2016;Hawks;23;5;0;17;3;5;36.86666667;9;3;5;1
False;2016;Bucks;22;4;0;16;3;7;32.88333333;4;0;8;7
False;2016;Clippers;16;5;0;14;2;11;33.61666667;5;2;2;5
False;2016;Bulls;27;13;0;22;2;0;44.66666667;5;0;3;8
False;2016;Bulls;31;7;0;21;2;9;36.88333333;8;1;2;5
False;2016;Jazz;29;5;0;20;0;7;36.91666667;6;4;6;4
False;2016;Trailblazers;20;4;1;12;1;9;30.51666667;11;1;5;5
False;2016;Warriors;20;2;0;18;1;10;35;8;1;4;6
False;2016;Spurs;29;7;0;16;5;7;45.33333333;6;2;5;7
False;2016;Pelicans;26;12;0;21;2;4;43.71666667;10;2;4;6
False;2016;Kings;24;11;1;15;3;11;44.81666667;13;2;3;5
False;2016;Mavericks;23;9;0;19;0;8;37.28333333;9;2;6;5
False;2016;Thunder;18;7;2;19;1;3;40.88333333;5;2;4;3
False;2016;Celtics;28;10;1;21;3;8;40.03333333;13;1;6;4
False;2016;Heat;30;6;1;22;2;10;38.68333333;17;1;5;3
False;2016;Pistons;29;10;0;22;1;8;39.08333333;13;2;6;3
False;2016;Rockets;30;5;0;20;2;3;40.16666667;7;2;11;8
False;2016;Nuggets;18;5;0;12;1;4;34.16666667;6;0;2;4
False;2016;Wizards;24;8;1;21;2;6;40.58333333;11;0;4;3
False;2016;Spurs;17;8;0;17;3;6;29.53333333;8;0;3;2
False;2016;Bulls;26;8;1;20;0;7;39.11666667;10;1;7;4
False;2016;Hawks;27;7;0;15;0;6;41.41666667;8;2;2;5
False;2016;Hawks;32;10;0;21;6;10;46.83333333;16;1;3;3
False;2016;Celtics;11;6;1;13;2;6;45.05;6;1;4;6
False;2016;Warriors;28;8;2;20;4;12;40.03333333;15;0;6;8
False;2016;Warriors;29;14;1;18;2;5;39.36666667;11;3;3;4
False;2016;Warriors;39;9;1;27;2;6;45.61666667;11;1;9;5
False;2016;Warriors;41;8;1;30;3;4;46.21666667;13;2;5;3
False;2017;Magic;22;2;1;15;0;6;31.2;4;1;3;1
False;2017;Nets;29;13;4;20;1;8;41.36666667;10;0;2;8
False;2017;Pelicans;18;8;0;11;3;6;30.76666667;5;0;3;4
False;2017;Knicks;16;7;0;15;2;1;39.46666667;10;2;4;4
False;2017;Pacers;33;11;1;22;1;5;37.46666667;6;2;5;8
False;2017;Hawks;26;13;2;17;4;6;40.58333333;5;1;3;6
False;2017;Rockets;33;7;1;24;4;3;40.01666667;4;1;4;9
False;2017;Pacers;29;8;2;22;1;5;39.41666667;10;1;5;3
False;2017;Bucks;39;7;2;22;1;5;34.23333333;1;3;11;7
False;2017;Warriors;20;6;0;18;2;7;40.05;6;0;7;7
False;2017;Kings;16;14;0;17;2;5;37.7;10;5;2;4
False;2017;Jazz;29;6;1;22;1;5;37.45;8;2;7;6
False;2017;Celtics;19;6;1;15;1;3;32.7;7;1;2;4
False;2017;Timberwolves;10;5;2;8;2;3;26.58333333;8;0;3;3
False;2017;Raptors;26;1;2;16;1;10;32.23333333;3;1;1;2
False;2017;Pacers;27;11;1;25;2;4;40.45;8;3;9;5
False;2017;Warriors;32;6;4;18;3;13;36.25;8;3;2;8
False;2017;Thunder;18;7;1;17;2;4;38.36666667;3;0;4;2
False;2017;Spurs;28;7;1;23;0;10;37.95;9;0;6;5
False;2017;Pistons;21;7;1;20;2;2;37.75;6;0;7;4
False;2017;Rockets;11;9;1;10;0;4;31.36666667;9;2;2;2
False;2017;Magic;25;5;0;17;4;4;33.08333333;10;1;4;6
False;2017;Wizards;32;8;0;18;2;9;36.6;9;2;4;4
False;2017;Spurs;33;9;0;25;3;4;39.96666667;13;1;5;6
False;2017;Seventysixers;30;8;0;24;2;6;39.03333333;9;1;6;3
False;2017;Nuggets;25;15;0;19;2;11;42.4;10;3;4;3
False;2017;Clippers;25;6;3;20;2;2;38.88333333;10;2;7;5
False;2017;Lakers;24;7;1;20;0;5;31.45;10;1;8;2
False;2017;Trailblazers;35;6;3;25;4;9;41.08333333;14;2;4;6
False;2017;Heat;18;7;0;18;1;5;37.98333333;6;0;4;6
False;2017;Seventysixers;44;11;1;29;0;11;40.18333333;11;2;8;8
False;2017;Knicks;10;2;0;9;0;3;10.55;5;1;2;3
False;2017;Pacers;24;12;1;17;2;14;43.93333333;10;1;4;3
False;2017;Pacers;28;8;1;22;1;6;41.7;12;1;7;6
False;2017;Pacers;22;7;2;16;3;5;31.18333333;5;1;6;4
False;2017;Celtics;15;9;2;16;1;6;36.11666667;7;0;5;7
False;2017;Celtics;42;12;1;29;3;10;38.76666667;10;0;11;6
False;2017;Celtics;26;5;0;22;2;4;39.28333333;10;1;6;6
False;2017;Warriors;51;8;1;32;2;11;47.55;8;1;7;5
False;2017;Warriors;29;13;0;20;2;9;43.85;9;2;4;5
False;2017;Warriors;33;11;2;28;2;7;46.86666667;10;2;6;4
True;2003;Wizards;17;9;1;19;1;4;45;8;1;0;2
True;2003;Knicks;17;4;1;12;0;0;34;5;1;3;2
True;2003;Seventysixers;22;8;2;19;2;4;47;5;1;1;5
True;2003;Clippers;14;8;1;16;2;4;39;7;0;2;3
True;2003;Hawks;8;5;1;12;2;0;36;6;2;2;3
True;2003;Pistons;23;9;1;21;3;8;43;3;1;3;4
True;2003;Seventysixers;36;5;0;24;1;3;42;4;4;7;4
True;2003;Bulls;32;10;2;22;2;12;42;6;2;5;4
True;2003;Pelicans;22;2;1;22;1;8;39;6;6;6;5
True;2003;Trailblazers;32;9;0;23;1;2;38;10;3;2;5
True;2003;Knicks;14;10;1;17;1;2;41;4;1;2;4
True;2003;Supersonics;27;9;0;26;2;6;44;9;2;1;4
True;2003;Jazz;29;2;1;28;2;5;45;7;2;4;4
True;2003;Magic;16;3;2;19;4;2;30;5;0;2;3
True;2003;Heat;27;4;1;25;1;10;44;5;2;1;1
True;2003;Wizards;38;4;2;27;4;11;43;6;0;2;6
True;2003;Pistons;12;6;0;19;2;2;38;4;2;1;1
True;2003;Celtics;24;3;1;25;3;6;43;6;2;6;1
True;2003;Spurs;32;2;1;23;0;4;39;11;2;0;2
True;2003;Knicks;22;3;0;20;2;12;44;5;1;0;1
True;2003;Pelicans;21;6;5;16;3;6;36;4;2;5;1
True;2003;Magic;30;3;1;19;1;8;49;11;3;1;5
True;2003;Hawks;24;3;1;17;0;6;28;7;1;2;1
True;2003;Pelicans;19;4;0;17;5;4;37;6;2;2;4
True;2003;Bucks;24;10;1;24;3;3;43;7;4;3;2
True;2003;Hawks;34;7;0;23;1;13;45;6;1;4;2
True;2003;Raptors;14;4;0;13;2;7;34;3;1;0;2
True;2003;Pacers;26;4;1;22;3;4;44;3;3;2;4
True;2003;Bulls;17;8;5;16;1;8;32;5;0;3;4
True;2003;Nets;41;13;0;29;1;10;43;6;3;2;2
True;2003;Heat;10;11;0;11;3;5;32;3;0;2;2
True;2003;Bucks;27;9;0;20;1;11;45;7;2;4;1
True;2003;Knicks;17;5;0;17;1;1;35;1;3;3;5
True;2004;Hawks;25;4;2;17;2;12;48;10;4;4;3
True;2004;Suns;38;6;3;24;1;12;48;10;3;2;3
True;2004;Wizards;24;4;2;20;0;5;38;9;3;3;4
True;2004;Warriors;33;4;1;22;1;8;42;12;2;5;1
True;2004;Hornets;19;9;0;14;3;2;30;6;0;3;1
True;2004;Hornets;25;2;1;20;0;4;38;8;3;2;7
True;2004;Pistons;43;5;1;22;3;12;38;6;3;3;3
True;2004;Celtics;20;8;1;13;2;3;43;6;3;2;2
True;2004;Bulls;26;7;0;17;0;4;32;7;1;2;2
True;2004;Nuggets;17;9;1;17;3;2;41;8;2;0;5
True;2004;Raptors;27;10;1;17;2;7;43;6;2;3;3
True;2004;Nets;27;8;0;22;4;6;46;2;3;1;3
True;2004;Grizzlies;31;8;0;22;2;4;46;5;7;3;3
True;2004;Trailblazers;25;7;2;18;1;3;37;11;3;3;3
True;2004;Timberwolves;26;12;0;18;2;8;43;6;1;1;2
True;2004;Pelicans;22;14;1;16;2;9;45;9;4;1;5
True;2004;Hawks;40;7;0;25;2;14;46;9;1;5;1
True;2004;Hornets;26;6;0;19;3;6;41;8;2;3;1
True;2004;Hawks;20;9;1;14;4;6;40;6;1;5;2
True;2004;Knicks;22;4;2;14;2;2;32;3;0;0;8
True;2004;Hornets;29;9;1;24;1;7;49;8;2;5;8
True;2004;Jazz;27;5;0;20;2;14;41;8;5;1;3
True;2004;Trailblazers;27;10;0;16;4;6;44;11;4;1;2
True;2004;Warriors;28;10;1;24;1;2;43;12;1;1;3
True;2004;Grizzlies;27;15;2;16;1;4;42;9;3;6;5
True;2004;Magic;30;9;0;21;2;13;45;6;2;3;1
True;2004;Raptors;15;11;0;14;1;4;36;8;3;3;2
True;2004;Lakers;25;9;1;20;3;10;46;8;3;0;3
True;2004;Hawks;28;6;0;20;0;5;37;5;3;2;3
True;2004;Bulls;27;11;0;17;2;15;44;6;5;1;3
True;2004;Magic;23;8;1;22;3;4;40;7;1;6;1
True;2004;Pacers;35;5;0;23;1;11;44;5;1;5;4
True;2004;Jazz;36;2;1;15;1;16;35;9;0;5;1
True;2004;Pistons;29;6;0;24;1;8;43;6;1;7;0
True;2004;Pelicans;44;3;0;29;3;11;53;6;4;10;10
True;2004;Clippers;22;5;1;20;0;7;41;7;2;8;1
True;2004;Mavericks;37;7;1;23;3;13;48;10;2;8;6
True;2004;Bucks;40;10;1;26;2;3;47;10;2;13;3
True;2004;Magic;33;6;1;23;4;10;48;7;5;6;2
True;2004;Celtics;32;6;0;27;3;5;47;8;5;3;3
True;2004;Raptors;27;14;1;23;1;10;48;14;0;8;2
True;2005;Pelicans;31;4;0;16;3;8;33.38333333;3;2;7;3
True;2005;Raptors;27;6;2;17;3;12;36.46666667;3;1;2;1
True;2005;Supersonics;31;1;1;18;1;11;35.63333333;5;0;2;4
True;2005;Grizzlies;16;2;1;11;5;6;25.66666667;6;3;1;3
True;2005;Magic;26;3;1;20;2;11;48.9;5;0;4;2
True;2005;Wizards;37;4;2;23;1;5;42.43333333;10;0;3;3
True;2005;Magic;16;4;0;17;2;6;33.93333333;6;2;3;4
True;2005;Seventysixers;36;10;1;24;1;10;46.85;11;1;2;5
True;2005;Celtics;36;4;2;20;4;11;40.98333333;5;2;3;1
True;2005;Clippers;28;9;1;20;1;17;49.93333333;7;1;3;6
True;2005;Kings;30;6;3;23;2;12;44.31666667;6;2;5;5
True;2005;Nuggets;26;9;0;18;3;6;45.1;4;1;4;3
True;2005;Heat;41;10;0;19;3;16;46.38333333;5;1;4;4
True;2005;Jazz;25;4;2;12;1;9;28.91666667;6;3;1;5
True;2005;Bulls;37;6;0;25;2;13;43.85;5;4;6;2
True;2005;Pacers;14;9;0;16;1;11;43.85;8;1;1;3
True;2005;Bulls;32;6;2;25;0;12;44.96666667;8;2;5;2
True;2005;Pistons;30;7;1;22;2;7;44.56666667;7;4;5;5
True;2005;Bucks;32;11;1;29;1;7;45.7;11;5;8;4
True;2005;Bucks;35;6;1;22;1;9;45.2;7;0;7;0
True;2005;Jazz;51;8;0;35;4;11;42.78333333;5;2;8;3
True;2005;Pacers;23;8;2;21;0;10;35.36666667;7;2;5;1
True;2005;Hawks;38;6;1;22;2;20;45.91666667;9;3;5;5
True;2005;Pacers;30;9;1;23;1;8;45.1;7;3;2;6
True;2005;Suns;44;7;1;33;1;12;42.75;11;1;7;6
True;2005;Hornets;30;6;1;19;2;11;31.58333333;6;5;6;4
True;2005;Nets;26;10;1;21;2;12;44.43333333;11;1;2;4
True;2005;Bucks;22;12;2;20;4;4;45.35;9;0;7;4
True;2005;Timberwolves;35;8;0;34;3;17;45.63333333;11;1;5;0
True;2005;Spurs;44;5;0;33;0;8;40.71666667;3;4;3;2
True;2005;Celtics;43;11;4;32;5;15;53.91666667;12;2;5;2
True;2005;Magic;26;9;2;24;0;7;42.85;2;1;5;2
True;2005;Bulls;33;8;1;27;4;13;46.61666667;11;0;3;5
True;2005;Bulls;37;7;0;28;3;6;46.45;9;2;3;3
True;2005;Raptors;17;8;0;17;2;6;43.73333333;12;1;6;2
True;2005;Raptors;35;6;0;24;2;12;44.28333333;6;1;3;0
True;2005;Trailblazers;27;5;0;23;2;10;44.16666667;9;6;6;1
True;2005;Lakers;29;7;0;24;3;10;46.86666667;8;1;4;7
True;2005;Hornets;37;12;1;21;4;23;50.18333333;11;0;5;5
True;2005;Celtics;36;8;3;26;2;8;44.85;7;2;8;0
True;2005;Rockets;36;5;0;34;2;11;48.93333333;6;2;4;2
True;2005;Mavericks;46;4;0;23;3;13;43.43333333;5;3;7;2
True;2005;Heat;47;10;0;25;3;14;45.48333333;12;2;6;4
True;2005;Hornets;35;8;2;24;5;9;41.28333333;12;1;5;3
True;2005;Seventysixers;37;7;0;22;4;9;34.66666667;4;4;10;3
True;2005;Nets;37;7;0;26;5;16;44.15;5;1;3;6
True;2005;Pelicans;32;6;0;24;1;12;42.11666667;4;0;3;2
True;2005;Wizards;32;11;0;27;3;11;48;11;0;4;4
True;2005;Wizards;41;3;0;28;3;9;47.61666667;5;2;5;4
True;2005;Wizards;45;6;0;23;5;18;46.11666667;7;2;1;4
True;2005;Wizards;32;7;1;25;4;3;53;7;2;6;5
True;2005;Pistons;21;10;1;18;2;2;48;10;4;4;4
True;2005;Pistons;22;9;2;23;3;10;48;8;2;2;8
True;2005;Pistons;32;5;1;30;3;7;46.83333333;5;2;4;2
True;2006;Wizards;26;5;2;24;2;6;40.63333333;10;0;4;5
True;2006;Spurs;35;4;1;26;3;11;41.88333333;10;1;2;2
True;2006;Bulls;19;12;2;13;0;8;37.83333333;4;3;1;3
True;2006;Celtics;38;5;0;17;4;23;43.53333333;8;3;4;2
True;2006;Knicks;29;6;1;19;2;9;41.33333333;4;2;4;3
True;2006;Trailblazers;32;7;1;15;2;11;38.9;7;2;6;4
True;2006;Timberwolves;37;6;2;24;1;14;40.5;9;1;5;4
True;2006;Grizzlies;15;9;1;21;1;1;41.98333333;1;3;5;3
True;2006;Seventysixers;25;11;1;20;4;7;40.83333333;4;0;4;7
True;2006;Hawks;31;8;2;23;4;10;42.91666667;7;3;3;4
True;2006;Raptors;26;10;0;18;1;5;40.5;6;1;2;4
True;2006;Pacers;27;6;1;16;0;6;31.86666667;7;1;3;3
True;2006;Hornets;22;7;1;17;1;11;41.61666667;8;1;2;6
True;2006;Supersonics;22;7;0;14;3;3;33.61666667;9;1;3;4
True;2006;Magic;32;1;0;21;1;10;30.9;7;0;3;7
True;2006;Hawks;27;3;2;25;1;8;39.51666667;9;1;2;1
True;2006;Bucks;32;5;1;21;5;13;44.01666667;4;1;6;3
True;2006;Spurs;19;5;0;17;1;11;40.23333333;5;2;1;3
True;2006;Celtics;32;4;1;20;0;10;44.78333333;6;3;3;3
True;2006;Bucks;8;9;0;13;1;2;42.83333333;5;1;4;2
True;2006;Nets;19;4;3;21;4;0;44;13;3;3;5
True;2006;Kings;34;7;1;26;3;3;43.41666667;4;2;7;3
True;2006;Clippers;28;6;0;23;4;8;42.03333333;6;1;1;2
True;2006;Warriors;32;5;0;22;2;5;45.86666667;7;4;7;9
True;2006;Hornets;18;3;0;13;1;8;35.65;10;2;1;1
True;2006;Clippers;11;3;1;13;1;2;36.31666667;7;1;2;2
True;2006;Heat;29;6;0;22;1;8;41.13333333;7;0;4;2
True;2006;Lakers;18;5;1;16;3;12;38.35;8;1;2;1
True;2006;Lakers;38;3;0;16;4;22;39.8;4;3;1;3
True;2006;Raptors;29;2;1;25;3;5;36.81666667;4;1;1;3
True;2006;Pelicans;35;8;1;22;1;7;42.83333333;5;2;4;4
True;2006;Raptors;36;6;3;20;1;17;37.36666667;5;0;3;2
True;2006;Rockets;32;8;0;24;2;9;41.63333333;12;0;6;3
True;2006;Pistons;41;8;1;31;4;8;50.66666667;7;3;3;4
True;2006;Bucks;32;9;1;22;5;4;36.5;8;3;6;6
True;2006;Pacers;26;6;1;22;2;5;38.7;7;3;6;2
True;2006;Grizzlies;29;4;0;17;0;6;29.58333333;6;3;7;2
True;2006;Jazz;24;9;2;21;3;13;43.66666667;17;2;6;4
True;2006;Knicks;21;10;0;16;1;6;38.26666667;3;2;1;1
True;2006;Pacers;26;6;0;18;4;14;40.13333333;7;2;3;3
True;2006;Bulls;39;9;0;25;4;13;47.4;5;3;3;7
True;2006;Timberwolves;31;6;1;24;1;5;41.81666667;12;4;2;2
True;2006;Wizards;25;5;1;23;3;14;44.41666667;6;1;3;2
True;2006;Nets;35;4;1;27;1;9;35.25;8;2;1;2
True;2006;Hawks;23;6;1;16;1;5;31.95;5;1;6;0
True;2006;Seventysixers;18;6;0;15;3;7;36.05;5;0;2;1
True;2006;Bucks;24;9;0;18;2;10;39.96666667;5;2;4;2
True;2006;Wizards;23;7;0;14;1;11;44.31666667;9;2;2;1
True;2006;Wizards;27;7;2;22;2;13;45;8;1;3;2
True;2006;Wizards;30;9;0;22;3;7;46.03333333;6;1;5;2
True;2006;Wizards;31;7;1;22;3;17;46.18333333;11;3;5;2
True;2006;Nets;21;7;1;21;2;6;46.01666667;11;1;4;3
True;2006;Nets;36;12;0;24;2;13;45.81666667;1;3;7;2
True;2006;Nets;30;7;0;16;1;15;46.33333333;9;0;3;3
True;2006;Nets;23;8;0;20;4;9;38.88333333;8;1;5;2
True;2006;Pistons;32;9;0;21;2;9;46.11666667;9;2;3;3
True;2006;Pistons;25;11;0;19;0;9;44.28333333;7;3;5;3
True;2006;Pistons;48;7;0;33;3;14;50.3;9;2;3;2
True;2006;Pistons;20;8;2;11;1;19;46.2;14;2;2;3
True;2007;Knicks;45;7;1;28;1;22;44.41666667;7;3;5;3
True;2007;Warriors;24;9;3;16;1;7;41.85;14;0;2;2
True;2007;Kings;26;4;1;19;1;8;43.85;4;1;2;1
True;2007;Clippers;22;8;1;21;3;8;35.91666667;5;6;2;5
True;2007;Jazz;40;9;3;27;3;15;40.26666667;10;0;3;5
True;2007;Timberwolves;45;5;2;26;2;8;39.05;8;3;10;4
True;2007;Raptors;37;12;1;29;3;8;44.68333333;12;3;8;4
True;2007;Pacers;30;10;1;21;1;15;35.78333333;11;4;6;2
True;2007;Celtics;38;13;2;25;2;15;45.76666667;4;2;8;3
True;2007;Pacers;17;5;1;9;2;10;22.61666667;3;1;1;4
True;2007;Bucks;31;5;0;25;3;13;50.21666667;8;1;5;2
True;2007;Lakers;33;5;1;29;3;11;38.46666667;10;1;3;3
True;2007;Heat;25;12;1;19;3;11;38.6;6;1;3;2
True;2007;Mavericks;24;7;0;21;5;10;36.31666667;8;3;4;3
True;2007;Hawks;36;6;1;22;1;11;40.08333333;5;2;3;2
True;2007;Kings;24;10;1;18;1;12;45.35;8;5;6;3
True;2007;Raptors;39;8;0;29;1;12;45.73333333;11;0;8;1
True;2007;Supersonics;22;3;0;18;2;6;35.16666667;8;2;3;4
True;2007;Hornets;31;8;3;20;3;15;49.6;19;4;7;8
True;2007;Grizzlies;51;9;1;28;1;16;47.16666667;8;3;12;4
True;2007;Spurs;27;7;2;24;1;12;38.9;9;0;5;3
True;2007;Heat;28;5;1;26;4;5;39.66666667;3;4;4;5
True;2007;Wizards;23;8;1;13;2;9;31.13333333;8;2;3;0
True;2007;Lakers;41;4;0;32;4;12;44.13333333;9;2;5;5
True;2007;Trailblazers;37;4;2;29;3;12;43.88333333;14;2;6;4
True;2007;Clippers;28;7;1;19;2;16;43.8;11;2;4;3
True;2007;Celtics;33;12;2;21;5;10;42.4;9;5;8;7
True;2007;Hawks;26;7;1;24;2;4;44;11;2;3;1
True;2007;Magic;29;10;1;15;3;15;43.85;7;3;2;5
True;2007;Pacers;31;12;1;22;1;12;43.23333333;14;2;5;4
True;2007;Wizards;33;8;1;20;1;14;44.53333333;15;1;6;3
True;2007;Grizzlies;25;11;1;17;2;5;39.03333333;7;3;4;6
True;2007;Timberwolves;30;13;0;22;2;9;43.58333333;8;2;4;3
True;2007;Bulls;37;6;0;29;1;8;39.85;6;1;5;3
True;2007;Knicks;50;10;0;30;3;16;43.83333333;8;4;13;2
True;2007;Pacers;38;4;2;24;2;12;38.21666667;11;1;8;2
True;2007;Trailblazers;24;11;2;18;0;13;43.68333333;10;1;4;4
True;2007;Hornets;33;10;2;24;2;16;41.66666667;7;1;3;1
True;2007;Pistons;30;6;1;19;0;7;41.06666667;7;1;5;0
True;2007;Raptors;29;5;0;22;1;0;41.4;12;1;3;5
True;2007;Seventysixers;26;9;1;18;4;3;41.78333333;9;3;2;1
True;2007;Hornets;29;5;2;19;6;6;31.21666667;4;3;4;4
True;2007;Nets;33;8;2;21;2;13;35.36666667;7;1;4;0
True;2007;Heat;13;7;2;9;1;9;35.25;11;1;1;5
True;2007;Seventysixers;27;5;1;18;3;12;41.68333333;4;2;2;5
True;2007;Wizards;32;4;2;19;1;14;41.41666667;6;1;2;1
True;2007;Wizards;30;12;2;19;2;17;39;9;1;6;1
True;2007;Wizards;34;7;0;25;5;14;44.38333333;12;2;8;5
True;2007;Wizards;27;13;1;17;2;10;44.2;13;2;2;1
True;2007;Celtics;21;8;3;16;3;12;40.25;5;4;5;2
True;2007;Celtics;21;13;2;20;3;8;44;6;3;5;4
True;2007;Celtics;32;6;1;23;2;15;46.65;12;2;3;8
True;2008;Hornets;22;9;1;15;3;12;30.26666667;9;0;2;5
True;2008;Mavericks;29;3;1;20;1;15;34.13333333;8;2;2;1
True;2008;Bulls;41;6;0;23;1;16;35.83333333;9;4;2;5
True;2008;Pacers;27;8;4;24;2;7;39.33333333;9;1;6;4
True;2008;Bulls;41;4;0;29;1;13;39.2;13;0;7;2
True;2008;Bucks;41;6;0;24;2;10;42.76666667;5;3;4;2
True;2008;Nuggets;22;11;0;20;4;4;38.03333333;8;3;0;5
True;2008;Jazz;38;7;2;21;2;11;42.05;5;2;7;2
True;2008;Nets;31;4;1;20;3;17;35.96666667;8;0;4;3
True;2008;Hawks;24;8;0;19;3;7;36.58333333;7;2;4;2
True;2008;Knicks;26;1;1;14;0;11;30.33333333;4;1;7;1
True;2008;Thunder;14;3;3;12;0;0;17.13333333;3;1;1;0
True;2008;Warriors;23;8;1;13;2;4;30.65;7;3;4;2
True;2008;Bucks;32;5;1;27;3;10;41.36666667;7;2;5;3
True;2008;Knicks;21;6;1;10;0;10;28.15;5;5;4;0
True;2008;Pacers;11;11;3;12;2;4;37.61666667;8;1;4;2
True;2008;Hornets;25;4;2;17;3;8;27.66666667;5;2;4;3
True;2008;Raptors;31;4;0;18;1;8;30.4;5;3;5;2
True;2008;Seventysixers;29;5;2;22;4;8;39.06666667;4;0;6;1
True;2008;Seventysixers;28;7;3;21;2;12;36.83333333;7;1;4;0
True;2008;Timberwolves;32;3;2;20;1;4;39.63333333;6;2;6;0
True;2008;Nuggets;33;8;0;20;3;8;38.75;10;0;2;6
True;2008;Thunder;31;7;1;24;1;2;42.76666667;4;3;4;3
True;2008;Rockets;27;5;1;23;2;7;38.33333333;9;3;3;7
True;2008;Wizards;18;6;1;13;1;10;38.21666667;5;3;2;3
True;2008;Heat;33;9;1;19;1;12;42.51666667;6;0;4;2
True;2008;Bulls;16;11;3;8;1;8;37.26666667;10;2;3;5
True;2008;Hornets;21;4;2;16;1;3;30.98333333;4;2;1;4
True;2008;Celtics;38;6;3;25;2;9;35.81666667;7;4;7;3
True;2008;Grizzlies;30;10;1;15;2;14;40.2;11;3;5;2
True;2008;Pelicans;29;7;1;24;3;6;42.98333333;14;3;2;4
True;2008;Trailblazers;34;14;0;30;1;4;42.03333333;7;1;6;2
True;2008;Warriors;32;8;2;24;2;16;40.65;9;3;5;2
True;2008;Jazz;33;9;0;27;1;6;41.13333333;14;1;6;2
True;2008;Kings;23;11;3;10;1;15;37.51666667;15;0;2;2
True;2008;Clippers;25;6;1;17;2;6;37.13333333;7;3;4;3
True;2008;Pistons;33;8;1;25;3;11;38.83333333;4;1;8;5
True;2008;Raptors;33;4;2;20;3;13;37.51666667;7;1;5;3
True;2008;Knicks;52;11;2;33;1;19;44.05;10;0;7;3
True;2008;Suns;26;6;1;18;1;8;33.28333333;6;2;5;3
True;2008;Raptors;20;9;1;17;1;2;33.2;9;1;3;5
True;2008;Bucks;55;9;0;29;3;22;40.06666667;5;0;11;6
True;2008;Pistons;20;9;1;13;0;10;30.56666667;5;2;3;0
True;2008;Grizzlies;15;8;1;10;1;8;29.66666667;5;0;2;2
True;2008;Spurs;30;4;0;23;2;3;32.13333333;14;2;6;1
True;2008;Hawks;26;11;2;20;3;14;43.71666667;6;1;7;0
True;2008;Heat;42;4;1;21;4;10;43.66666667;8;1;7;6
True;2008;Bucks;23;4;0;11;2;7;33.2;8;1;5;3
True;2008;Heat;14;12;1;15;0;7;43.31666667;10;1;3;2
True;2008;Clippers;32;11;2;23;2;16;43.7;13;2;6;4
True;2008;Suns;34;13;3;24;0;13;43.45;10;3;8;3
True;2008;Kings;51;9;3;30;2;17;46.98333333;4;2;11;3
True;2008;Knicks;19;10;3;17;1;3;39.86666667;8;4;3;3
True;2008;Magic;43;8;1;27;1;10;42.66666667;12;4;7;6
True;2008;Trailblazers;26;10;2;22;4;11;46.78333333;11;1;3;0
True;2008;Hawks;22;5;1;21;2;5;40.05;7;3;4;2
True;2008;Nets;30;8;0;17;0;15;39.15;11;1;4;1
True;2008;Nets;22;11;0;14;0;7;39.1;8;1;1;1
True;2008;Timberwolves;25;7;0;14;0;10;33.6;12;0;3;5
True;2008;Mavericks;24;12;2;22;0;5;31.31666667;6;1;4;0
True;2008;Pistons;25;3;1;24;0;8;40.6;12;3;2;1
True;2008;Spurs;38;6;0;21;1;8;36.71666667;7;1;5;2
True;2008;Wizards;21;7;0;15;1;8;30.85;6;3;2;2
True;2008;Seventysixers;27;10;1;17;4;12;36.56666667;2;0;4;1
True;2008;Celtics;29;7;1;14;1;6;30.36666667;4;1;8;5
True;2008;Pacers;37;5;0;23;1;14;38.7;5;1;7;5
True;2008;Pistons;38;7;0;20;1;14;40.86666667;8;1;4;0
True;2008;Pistons;29;6;0;14;1;17;37.9;13;0;5;2
True;2008;Pistons;25;9;2;19;0;11;42.73333333;11;3;5;2
True;2008;Pistons;36;8;1;24;3;17;40.65;13;2;3;2
True;2008;Hawks;34;3;0;20;0;9;34.31666667;10;4;6;3
True;2008;Hawks;27;5;1;14;1;12;31.16666667;3;4;5;0
True;2008;Hawks;47;8;1;25;2;16;43.21666667;12;1;10;1
True;2008;Hawks;27;8;0;22;3;9;43.41666667;8;1;6;3
True;2008;Magic;35;5;0;23;3;12;42.53333333;4;1;3;6
True;2008;Magic;37;12;1;24;3;19;45.5;14;1;2;4
True;2009;Timberwolves;24;6;1;18;1;3;33.43333333;9;1;3;2
True;2009;Hornets;14;9;0;11;1;6;37.23333333;7;0;1;4
True;2009;Wizards;27;6;0;16;0;13;35.98333333;8;3;7;4
True;2009;Knicks;33;9;0;17;3;9;35.61666667;8;3;4;7
True;2009;Magic;36;4;0;23;2;9;39.11666667;8;1;3;4
True;2009;Heat;34;7;1;20;2;18;38.88333333;4;2;4;2
True;2009;Jazz;21;9;1;15;1;12;37.55;6;2;3;2
True;2009;Warriors;31;12;2;19;2;10;38.53333333;5;1;5;2
True;2009;Pacers;40;7;1;25;1;14;37.88333333;9;1;3;2
True;2009;Seventysixers;32;9;0;20;3;6;38.53333333;7;0;4;5
True;2009;Pistons;34;7;0;24;2;11;38.81666667;8;1;4;5
True;2009;Mavericks;25;12;0;20;2;7;36.35;5;0;2;1
True;2009;Suns;12;10;1;15;0;0;34.6;8;1;3;3
True;2009;Bulls;23;11;0;17;1;10;34.2;6;0;3;1
True;2009;Bucks;14;10;1;10;2;7;32.3;5;1;0;5
True;2009;Trailblazers;33;7;2;24;1;6;37.6;7;1;2;4
True;2009;Thunder;44;6;1;29;1;10;38.58333333;7;4;8;1
True;2009;Nets;23;7;0;19;3;6;40.46666667;6;2;5;6
True;2009;Seventysixers;36;7;1;26;2;11;40.28333333;6;3;6;3
True;2009;Bucks;26;8;3;13;1;14;38.36666667;10;0;4;6
True;2009;Suns;29;4;0;21;3;6;38.43333333;6;2;3;3
True;2009;Kings;34;10;0;30;1;7;43.68333333;16;0;4;2
True;2009;Lakers;26;9;1;19;3;11;40.73333333;4;2;7;7
True;2009;Rockets;29;6;1;20;0;4;29.43333333;5;3;5;1
True;2009;Hawks;14;10;1;20;2;3;39.6;8;5;5;4
True;2009;Hawks;48;6;2;23;3;16;43.2;10;2;6;3
True;2009;Nets;28;7;2;16;0;15;36.45;9;1;4;1
True;2009;Wizards;23;8;2;12;0;11;30.83333333;7;1;4;1
True;2009;Trailblazers;41;8;0;19;1;14;45.26666667;10;0;4;3
True;2009;Warriors;37;11;4;23;1;14;41.61666667;8;2;4;2
True;2009;Clippers;32;4;1;20;3;7;38.9;4;2;6;5
True;2009;Raptors;28;11;3;18;1;14;41.01666667;9;3;7;3
True;2009;Lakers;37;9;1;25;3;13;40.4;5;2;9;4
True;2009;Thunder;37;12;1;19;2;19;42.63333333;9;0;10;6
True;2009;Heat;32;4;0;23;3;17;38.51666667;9;1;9;4
True;2009;Timberwolves;12;11;1;8;1;6;30.55;6;1;3;3
True;2009;Pacers;22;13;4;18;2;17;35.65;9;2;4;5
True;2009;Clippers;32;11;0;20;1;8;39.91666667;3;1;6;1
True;2009;Grizzlies;22;15;1;14;2;7;37.11666667;6;1;4;4
True;2009;Heat;36;8;0;16;1;21;40.1;7;2;4;4
True;2009;Knicks;47;8;0;31;2;7;43.85;8;5;12;5
True;2009;Nets;32;11;0;21;0;9;42.35;3;1;4;3
True;2009;Magic;32;13;0;21;2;12;45.08333333;8;2;6;3
True;2009;Pelicans;20;13;0;16;0;4;44.11666667;5;2;6;0
True;2009;Celtics;36;9;0;23;2;15;35.95;7;0;6;2
True;2009;Raptors;36;9;0;17;2;16;44.4;6;2;4;1
True;2009;Knicks;22;7;2;17;0;5;31.23333333;7;2;4;3
True;2009;Nets;26;14;1;18;1;7;40.68333333;7;3;4;3
True;2009;Pistons;40;6;2;27;1;6;41.86666667;13;3;7;4
True;2009;Seventysixers;23;10;3;18;2;12;42.1;6;1;10;1
True;2009;Celtics;30;7;3;21;2;16;38.86666667;8;2;3;2
True;2009;Pistons;29;12;1;22;0;11;43.11666667;12;1;3;4
True;2009;Pacers;32;9;2;24;2;10;38.71666667;9;3;4;6
True;2009;Bulls;29;7;2;21;1;12;37.51666667;11;2;3;5
True;2009;Pistons;15;7;1;9;0;3;30.8;3;0;3;0
True;2009;Pelicans;38;9;0;22;2;8;40.75;6;1;5;3
True;2009;Kings;34;8;0;22;2;6;39.08333333;7;3;6;3
True;2009;Bucks;23;7;1;17;2;13;39.06666667;9;1;1;4
True;2009;Hawks;27;6;0;20;1;7;38.36666667;13;2;3;2
True;2009;Raptors;19;13;1;13;1;10;35.56666667;6;0;2;4
True;2009;Bulls;24;5;4;19;2;7;40.23333333;6;1;1;3
True;2009;Bulls;40;8;2;23;2;6;41.08333333;8;1;4;2
True;2009;Bulls;37;11;1;17;3;10;36.4;12;2;9;2
True;2009;Bulls;19;9;2;12;1;14;43.21666667;10;0;2;3
True;2009;Celtics;35;7;2;24;1;11;43.2;7;3;6;2
True;2009;Celtics;38;7;2;22;1;9;39.26666667;8;1;3;1
True;2010;Seventysixers;16;7;1;12;1;6;37.55;6;2;2;9
True;2010;Magic;15;7;0;13;4;2;30.03333333;6;0;3;3
True;2010;Nets;20;7;0;12;3;12;28.95;7;2;4;5
True;2010;Timberwolves;20;12;1;12;0;8;32.43333333;0;2;2;1
True;2010;Nets;23;9;0;16;1;5;33.58333333;3;2;4;4
True;2010;Raptors;23;11;0;21;0;11;39.33333333;2;2;1;3
True;2010;Suns;20;9;0;15;5;3;23.05;8;3;2;3
True;2010;Hornets;32;5;0;25;1;7;39.48333333;2;2;5;4
True;2010;Seventysixers;20;6;1;15;1;11;40.56666667;8;2;5;2
True;2010;Wizards;30;5;1;18;3;11;38.18333333;6;1;1;7
True;2010;Pistons;18;3;0;15;0;2;31.23333333;6;1;1;4
True;2010;Cavaliers;38;8;1;25;1;9;30.03333333;5;1;7;0
True;2010;Hawks;22;4;1;11;1;13;37.31666667;7;1;1;2
True;2010;Bucks;17;6;1;16;5;4;38.66666667;6;1;3;1
True;2010;Jazz;33;9;0;20;4;7;39.43333333;7;0;5;2
True;2010;Warriors;25;9;1;18;1;3;30.71666667;7;1;4;4
True;2010;Kings;25;3;0;19;1;5;35.18333333;10;2;3;3
True;2010;Pelicans;20;7;0;16;2;10;40.3;4;0;3;5
True;2010;Cavaliers;21;5;0;15;1;18;38.51666667;13;1;4;4
True;2010;Knicks;32;10;0;23;1;3;38.21666667;11;1;6;5
True;2010;Wizards;32;6;0;19;3;12;40.51666667;7;1;7;4
True;2010;Suns;36;4;0;22;5;8;37.38333333;6;3;5;5
True;2010;Lakers;27;10;0;14;2;6;38.18333333;11;4;6;1
True;2010;Knicks;18;8;0;17;3;3;40.41666667;10;0;2;3
True;2010;Rockets;20;9;0;15;3;4;39.15;6;1;4;3
True;2010;Warriors;25;10;1;15;1;17;41.51666667;7;1;3;3
True;2010;Hornets;38;5;0;26;3;6;36.56666667;9;1;4;3
True;2010;Bucks;25;9;2;15;2;11;36.58333333;6;0;0;2
True;2010;Bucks;26;5;1;23;2;11;45.26666667;10;6;4;5
True;2010;Trailblazers;44;6;0;26;4;10;46.18333333;13;2;5;6
True;2010;Raptors;38;6;1;29;2;14;38;11;2;3;1
True;2010;Pistons;39;9;2;25;1;10;44.31666667;8;1;4;3
True;2010;Thunder;23;13;3;14;3;11;40.21666667;4;4;5;4
True;2010;Cavaliers;24;8;1;14;1;11;31.36666667;4;0;0;2
True;2010;Magic;51;8;1;25;2;17;42.65;11;1;5;3
True;2010;Hornets;19;9;0;13;3;6;36.65;8;0;3;3
True;2010;Clippers;12;4;0;15;2;2;35.61666667;6;4;2;6
True;2010;Pacers;41;8;1;23;1;13;41.73333333;13;3;5;4
True;2010;Pistons;16;10;0;17;0;3;34.71666667;8;4;2;3
True;2010;Pacers;27;5;2;20;1;6;40.91666667;6;2;3;5
True;2010;Raptors;23;8;0;18;1;10;37.63333333;13;0;2;5
True;2010;Kings;31;3;0;26;4;3;30.4;8;0;6;3
True;2010;Wizards;25;7;3;11;2;19;42.76666667;9;1;1;1
True;2010;Lakers;19;9;0;17;1;7;42.26666667;8;1;3;1
True;2010;Grizzlies;27;5;2;16;1;6;31.91666667;5;1;4;3
True;2010;Spurs;21;8;2;19;3;5;41.51666667;6;0;1;2
True;2010;Hawks;43;3;0;21;2;7;30.9;2;0;7;4
True;2010;Nuggets;33;2;0;25;3;2;40.66666667;6;2;4;5
True;2010;Pistons;19;7;0;16;3;4;42.08333333;8;0;3;3
True;2010;Seventysixers;32;2;1;17;3;9;41.01666667;10;3;4;4
True;2010;Rockets;33;7;0;21;1;9;40.45;10;0;1;2
True;2010;Wizards;35;8;0;16;3;13;43.81666667;8;5;3;5
True;2010;Timberwolves;27;10;1;20;2;7;42.88333333;6;3;1;3
True;2010;Nets;31;7;0;18;2;8;38.91666667;11;3;2;7
True;2010;Hornets;23;9;1;15;2;6;37.38333333;7;2;1;1
True;2010;Celtics;27;7;1;19;1;9;37.18333333;5;4;2;4
True;2010;Hawks;34;7;0;21;1;14;42.65;10;3;4;7
True;2010;Seventysixers;21;5;3;14;3;14;42.71666667;14;1;2;2
True;2010;Seventysixers;29;6;0;19;1;10;38.91666667;7;0;1;0
True;2010;Seventysixers;24;6;0;15;1;10;44.26666667;15;1;4;1
True;2010;Seventysixers;16;8;0;13;2;5;41.66666667;10;1;5;3
True;2010;Celtics;22;5;2;19;2;9;39.9;6;2;3;3
True;2010;Celtics;35;2;1;25;3;8;44.05;7;1;4;0
True;2010;Celtics;35;3;0;28;3;9;50.28333333;14;3;6;5
True;2010;Celtics;33;4;1;20;1;9;45.71666667;7;1;7;5
True;2010;Bulls;29;5;0;21;3;7;45.65;10;3;6;5
True;2010;Bulls;22;10;2;13;4;9;43.91666667;6;2;2;0
True;2010;Bulls;35;6;2;26;4;13;49.38333333;6;2;1;5
True;2010;Bulls;28;6;2;19;2;11;45.76666667;11;3;6;4
True;2010;Mavericks;24;5;0;16;4;2;45.25;9;1;5;1
True;2010;Mavericks;17;9;0;14;3;4;45.25;3;2;4;4
True;2011;Mavericks;37;6;2;19;3;19;36.26666667;10;2;0;3
True;2011;Celtics;26;5;1;14;3;9;36;6;2;0;3
True;2011;Hornets;35;7;2;23;0;9;38.81666667;6;3;0;2
True;2011;Timberwolves;34;10;1;26;2;4;37.21666667;8;4;1;4
True;2011;Hornets;16;5;0;10;2;6;28.03333333;9;1;0;2
True;2011;Pacers;33;13;0;21;2;11;37.68333333;8;2;0;2
True;2011;Nets;32;9;1;17;2;12;37.38333333;7;2;1;8
True;2011;Spurs;33;10;0;21;0;9;34.88333333;5;0;6;4
True;2011;Lakers;31;8;3;27;4;7;37.21666667;8;4;3;3
True;2011;Seventysixers;28;5;3;17;1;4;35.78333333;9;4;0;4
True;2011;Cavaliers;18;5;0;21;1;4;37.8;5;2;4;5
True;2011;Pistons;32;7;0;20;3;14;41.65;6;2;3;4
True;2011;Knicks;31;7;0;18;2;10;40.28333333;8;0;2;4
True;2011;Bulls;35;5;1;23;2;15;40.96666667;11;0;1;6
True;2011;Pelicans;22;8;0;12;1;7;29.73333333;11;1;2;4
True;2011;Seventysixers;19;8;2;16;2;6;37.21666667;12;0;1;2
True;2011;Raptors;30;2;0;17;1;12;38.48333333;9;1;1;5
True;2011;Cavaliers;24;6;0;16;1;7;38.66666667;5;2;1;6
True;2011;Wizards;18;9;2;14;1;7;33.28333333;2;0;2;1
True;2011;Hawks;23;6;0;15;1;12;30.43333333;13;1;3;2
True;2011;Bucks;35;3;0;21;3;3;32.9;8;1;0;2
True;2011;Pacers;23;7;0;15;2;8;33.4;9;4;5;2
True;2011;Cavaliers;28;5;1;19;2;3;30.13333333;5;1;5;2
True;2011;Magic;25;8;0;14;2;7;36.63333333;11;2;2;2
True;2011;Kings;18;8;2;11;1;2;33.21666667;4;0;2;3
True;2011;Knicks;20;8;2;16;3;6;40.68333333;9;5;0;4
True;2011;Trailblazers;38;6;1;22;1;12;41.03333333;11;5;2;0
True;2011;Nets;21;6;0;11;0;2;29.6;9;0;1;5
True;2011;Hawks;31;2;2;20;1;10;41.66666667;11;1;3;2
True;2011;Pacers;27;4;1;19;1;15;47.1;8;4;3;4
True;2011;Seventysixers;29;8;2;20;0;8;38.25;7;2;2;1
True;2011;Magic;14;7;0;14;4;8;38.96666667;12;5;1;4
True;2011;Suns;20;6;2;18;2;6;37.9;8;2;3;3
True;2011;Pistons;17;10;1;15;0;5;37.43333333;6;4;3;5
True;2011;Mavericks;19;5;0;16;3;3;36.21666667;9;2;2;3
True;2011;Raptors;26;9;0;18;0;6;38.51666667;4;1;2;3
True;2011;Seventysixers;41;4;1;25;0;13;38.06666667;6;3;2;4
True;2011;Thunder;34;10;1;20;2;13;41.5;7;4;7;2
True;2011;Pistons;26;2;1;22;1;5;32.25;4;0;3;1
True;2011;Hornets;19;5;1;16;1;7;28.73333333;9;2;1;2
True;2011;Knicks;29;3;0;24;4;9;40.25;10;2;6;6
True;2011;Nets;37;7;1;19;2;15;35.2;6;2;2;4
True;2011;Raptors;28;4;0;15;0;4;30.2;5;2;1;5
True;2011;Bulls;27;6;1;18;3;12;35.33333333;11;0;2;1
True;2011;Rockets;32;5;2;21;1;10;35.86666667;8;1;3;5
True;2011;Knicks;32;3;0;14;2;14;31.68333333;4;4;1;2
True;2011;Knicks;19;9;0;18;1;7;40.58333333;7;2;3;2
True;2011;Knicks;32;5;0;21;5;13;35.83333333;8;2;5;8
True;2011;Knicks;29;7;1;16;2;15;39.63333333;8;2;6;4
True;2011;Pacers;32;5;1;26;1;10;43.25;15;2;3;1
True;2011;Pacers;40;9;2;27;1;16;43.9;18;2;0;5
True;2011;Pacers;30;8;1;19;1;4;38.15;10;1;4;4
True;2011;Pacers;28;7;0;23;1;5;44.76666667;6;3;3;1
True;2011;Celtics;32;3;3;22;2;9;43.88333333;13;1;3;3
True;2011;Celtics;34;7;1;20;2;24;47.65;10;1;6;1
True;2011;Celtics;45;5;0;26;3;9;44.81666667;15;0;4;4
True;2011;Celtics;31;2;1;21;0;17;47.53333333;12;1;5;3
True;2011;Thunder;32;5;0;22;4;12;42.31666667;8;1;2;2
True;2011;Thunder;29;3;0;23;1;8;43.83333333;14;0;4;4
True;2011;Thunder;26;12;0;20;2;8;44.33333333;9;2;4;3
True;2011;Thunder;26;13;2;19;2;9;44.15;11;1;3;6
True;2012;Celtics;26;3;0;16;2;5;28.86666667;10;2;4;0
True;2012;Nuggets;20;11;2;17;2;4;39.2;9;0;1;0
True;2012;Suns;23;1;0;17;2;3;30.18333333;11;0;3;3
True;2012;Nets;20;8;0;12;1;4;29.98333333;12;1;3;2
True;2012;Hawks;21;9;0;17;2;3;35.66666667;11;1;2;2
True;2012;Rockets;38;6;0;26;1;8;39.91666667;10;0;8;0
True;2012;Nuggets;27;12;3;23;0;6;41.95;7;1;1;4
True;2012;Suns;21;3;0;20;1;7;40.71666667;7;2;3;1
True;2012;Bucks;28;8;1;21;3;8;42.53333333;10;1;4;1
True;2012;Cavaliers;30;5;1;16;3;9;39.96666667;6;0;5;7
True;2012;Spurs;23;7;0;16;2;6;39.1;9;4;5;4
True;2012;Nets;21;6;0;15;3;6;36.95;9;1;2;2
True;2012;Pelicans;24;7;0;16;2;3;35.91666667;5;2;0;4
True;2012;Hawks;27;6;0;16;0;7;40.35;7;2;2;3
True;2012;Wizards;23;5;0;15;0;11;30.55;10;1;3;2
True;2012;Timberwolves;22;11;4;18;0;5;41.98333333;6;1;5;0
True;2012;Mavericks;24;5;1;13;0;4;30.91666667;9;1;5;5
True;2012;Jazz;30;7;0;20;0;10;37.5;9;0;1;4
True;2012;Thunder;29;9;1;20;3;5;41.86666667;8;2;3;3
True;2012;Hornets;27;8;2;19;1;8;38.58333333;12;4;4;3
True;2012;Magic;36;11;0;22;2;16;47.88333333;8;1;6;3
True;2012;Mavericks;32;9;1;20;0;11;42.01666667;12;3;3;4
True;2012;Wizards;24;7;1;17;0;4;34.95;2;0;3;1
True;2012;Kings;20;7;2;10;0;7;29.13333333;5;5;1;1
True;2012;Warriors;25;10;0;20;2;3;30.53333333;7;1;5;1
True;2012;Lakers;39;8;1;25;2;4;42.06666667;7;3;2;2
True;2012;Raptors;31;11;0;23;1;7;44.83333333;10;0;5;3
True;2012;Pistons;23;7;0;14;0;6;33.01666667;7;1;1;2
True;2012;Nets;24;7;0;18;2;4;34.28333333;9;2;4;4
True;2012;Raptors;30;7;0;16;1;12;39.73333333;8;2;2;3
True;2012;Hornets;31;8;0;14;1;6;38;8;2;0;5
True;2012;Rockets;32;5;2;18;2;10;36.61666667;6;0;6;4
True;2012;Clippers;30;6;2;11;3;11;30.98333333;5;0;5;5
True;2012;Lakers;32;4;0;18;4;8;36.25;7;3;2;4
True;2012;Trailblazers;30;9;2;15;0;8;38.75;6;3;3;1
True;2012;Thunder;39;7;0;24;3;9;40.03333333;12;2;8;4
True;2012;Hawks;24;11;0;15;1;8;39.51666667;6;4;4;2
True;2012;Bulls;26;7;0;15;2;3;34.48333333;12;2;4;4
True;2012;Seventysixers;16;11;0;12;1;2;31.5;10;2;4;2
True;2012;Cavaliers;28;8;0;19;0;11;38.85;3;1;1;2
True;2012;Kings;40;16;1;23;1;12;47.75;8;2;2;2
True;2012;Grizzlies;18;10;1;14;1;12;42.1;8;2;4;1
True;2012;Knicks;29;7;1;23;1;6;42.83333333;11;3;6;2
True;2012;Timberwolves;20;4;2;16;3;1;34.88333333;10;3;4;7
True;2012;Magic;26;2;1;14;0;12;38.21666667;3;0;6;2
True;2012;Seventysixers;25;5;2;17;2;5;34.23333333;10;1;3;3
True;2012;Pacers;13;7;1;10;1;5;36.35;6;1;0;4
True;2012;Hawks;15;7;0;11;1;12;30.11666667;7;2;2;4
True;2012;Seventysixers;27;8;1;19;1;12;37.23333333;7;2;4;4
True;2012;Bucks;28;7;1;24;1;5;38.23333333;10;0;2;2
True;2012;Raptors;22;8;0;12;1;11;33.83333333;12;2;6;3
True;2012;Celtics;37;12;2;29;3;6;42.25;7;2;4;5
True;2012;Cavaliers;25;10;2;22;1;8;42.31666667;12;3;7;4
True;2012;Pistons;29;8;1;15;1;6;39.88333333;8;2;1;3
True;2012;Hornets;32;10;3;14;0;11;34.16666667;8;3;1;4
True;2012;Magic;24;11;0;16;2;10;38.75;9;1;0;3
True;2012;Pelicans;36;6;0;20;0;5;32.21666667;4;2;10;3
True;2012;Seventysixers;27;5;0;17;1;2;29.7;4;1;2;1
True;2012;Bucks;28;7;1;16;0;6;30.06666667;7;2;1;3
True;2012;Celtics;20;9;0;10;1;4;28.85;6;0;0;1
True;2012;Bulls;24;6;0;12;2;12;34.85;7;1;1;3
True;2012;Bucks;27;8;0;11;2;11;34.51666667;10;0;2;5
True;2012;Bucks;19;6;0;14;2;8;38.65;8;1;3;4
True;2012;Bucks;22;6;0;14;2;4;32.8;5;0;4;5
True;2012;Bucks;30;7;1;20;3;7;41.1;8;3;2;5
True;2012;Bulls;19;9;0;12;1;8;32.48333333;5;3;3;3
True;2012;Bulls;25;7;0;17;0;11;44.41666667;8;2;4;1
True;2012;Bulls;27;8;0;20;0;9;43.2;7;2;4;5
True;2012;Bulls;23;8;0;14;3;15;44.43333333;7;2;3;2
True;2012;Pacers;30;10;3;24;5;7;46.53333333;10;0;6;4
True;2012;Pacers;22;3;0;17;0;6;41.21666667;4;0;1;0
True;2012;Pacers;30;6;1;26;1;4;44.48333333;8;2;7;3
True;2012;Pacers;32;4;1;17;1;16;40.81666667;8;2;2;2
True;2012;Spurs;17;7;3;17;2;2;40.55;8;3;3;2
True;2012;Spurs;33;4;2;25;2;4;41.38333333;11;2;2;1
True;2012;Spurs;32;11;1;26;3;12;49.76666667;10;3;5;6
True;2012;Spurs;37;4;0;23;2;8;45;12;2;10;2
True;2013;Bulls;17;8;0;11;0;9;38.01666667;6;1;1;2
True;2013;Wizards;25;5;0;14;2;5;34.68333333;3;1;5;6
True;2013;Raptors;35;8;1;20;2;8;36.01666667;8;0;3;1
True;2013;Clippers;18;6;0;13;4;9;37.15;5;1;3;4
True;2013;Bucks;33;2;0;21;0;6;29.96666667;3;0;7;3
True;2013;Mavericks;39;4;0;18;0;11;36.96666667;6;1;1;6
True;2013;Hornets;30;7;1;18;1;4;31.91666667;4;1;0;3
True;2013;Hawks;13;5;0;13;0;3;30.7;6;1;0;3
True;2013;Magic;21;7;1;11;0;11;29.08333333;6;1;2;4
True;2013;Magic;22;7;0;13;0;7;37.58333333;9;3;6;3
True;2013;Suns;35;4;1;14;0;11;33.35;5;1;4;4
True;2013;Cavaliers;28;8;0;19;3;11;37.1;8;3;3;1
True;2013;Raptors;27;3;1;17;2;6;36.45;6;1;5;3
True;2013;Hornets;26;4;1;13;0;10;38.26666667;5;1;3;3
True;2013;Timberwolves;21;8;0;12;3;5;30.56666667;14;2;0;7
True;2013;Pistons;24;9;0;15;2;5;35.01666667;7;2;2;6
True;2013;Cavaliers;25;9;0;12;2;10;40.61666667;9;4;2;2
True;2013;Jazz;30;9;0;17;1;5;33.81666667;9;1;1;3
True;2013;Pacers;24;7;0;14;3;7;36.23333333;9;3;3;3
True;2013;Kings;18;8;1;11;1;2;30.66666667;6;1;2;1
True;2013;Hawks;38;6;0;28;2;6;45.63333333;8;2;9;0
True;2013;Lakers;19;4;0;14;2;9;35.8;8;0;4;2
True;2013;Nuggets;26;10;1;15;0;8;39.73333333;6;0;9;4
True;2013;Magic;15;8;0;13;1;8;35.91666667;8;1;1;3
True;2013;Raptors;30;5;0;18;1;7;37.78333333;4;1;0;1
True;2013;Pelicans;32;5;0;22;1;3;35.25;3;2;6;3
True;2013;Seventysixers;21;10;1;13;3;8;36.51666667;8;2;1;3
True;2013;Hornets;34;6;0;25;4;10;44.86666667;8;1;3;2
True;2013;Celtics;29;4;0;19;1;11;38.8;8;2;4;3
True;2013;Lakers;27;6;0;15;1;13;37.3;13;1;4;5
True;2013;Spurs;18;6;0;15;4;1;27.71666667;7;1;3;4
True;2013;Knicks;30;7;0;22;3;6;39.1;8;6;3;2
True;2013;Pistons;24;11;2;19;1;8;38.31666667;8;2;3;1
True;2013;Clippers;31;12;1;20;2;8;40.78333333;8;3;7;7
True;2013;Suns;37;3;0;22;2;14;40.98333333;9;5;5;4
True;2013;Warriors;36;9;0;26;1;7;42.26666667;13;2;8;2
True;2013;Mavericks;42;6;0;23;2;8;38.46666667;9;2;8;3
True;2013;Thunder;33;3;0;22;1;5;33.4;7;4;5;8
True;2013;Knicks;31;4;0;19;0;6;36.63333333;4;0;2;1
True;2013;Magic;20;7;0;12;1;5;31.21666667;9;4;2;2
True;2013;Hornets;61;5;0;33;2;12;41.2;7;0;10;2
True;2013;Wizards;23;8;0;15;3;0;36.75;7;3;4;3
True;2013;Rockets;24;5;0;17;3;8;42.86666667;5;2;3;5
True;2013;Cavaliers;43;4;3;19;1;13;41.66666667;6;2;8;0
True;2013;Grizzlies;15;7;1;14;0;2;38.01666667;6;2;2;3
True;2013;Trailblazers;32;5;0;23;2;9;38.36666667;6;4;1;5
True;2013;Pistons;17;12;0;13;0;2;29.76666667;10;1;3;1
True;2013;Bucks;13;2;0;10;1;4;30.05;7;0;3;4
True;2013;Raptors;32;8;0;20;2;11;38.88333333;7;1;6;6
True;2013;Bucks;17;8;1;12;0;5;29.35;4;1;3;2
True;2013;Knicks;38;6;0;22;0;12;42.78333333;5;1;7;5
True;2013;Pacers;36;1;1;20;1;13;34.86666667;6;1;4;2
True;2013;Hornets;27;1;0;16;1;10;38.53333333;9;0;8;3
True;2013;Hornets;32;8;0;17;2;12;39.83333333;6;4;5;4
True;2013;Hornets;30;6;0;18;1;10;35.98333333;10;2;2;2
True;2013;Hornets;31;9;1;19;3;12;42.9;7;3;5;2
True;2013;Nets;22;3;0;15;2;2;36.35;5;0;0;1
True;2013;Nets;22;3;1;18;2;6;39.11666667;4;2;3;2
True;2013;Nets;49;2;0;24;5;19;43.46666667;6;3;6;1
True;2013;Nets;29;5;1;14;1;17;43.6;9;0;5;5
True;2013;Pacers;22;6;3;18;3;6;42.35;7;2;5;3
True;2013;Pacers;26;7;0;14;2;9;39.76666667;5;4;2;6
True;2013;Pacers;32;5;0;21;3;4;35.8;10;2;3;2
True;2013;Pacers;25;6;1;12;1;9;31.65;4;1;0;2
True;2013;Spurs;35;3;0;22;3;5;37.6;10;2;3;4
True;2014;Bulls;36;4;1;30;1;9;41.66666667;8;4;3;3
True;2014;Nuggets;22;11;1;18;1;6;39.63333333;7;1;5;3
True;2014;Pelicans;32;10;1;17;1;17;40.43333333;12;1;3;4
True;2014;Celtics;41;7;1;27;4;9;40.85;4;0;8;3
True;2014;Hawks;32;7;1;20;1;4;28.9;6;0;5;3
True;2014;Magic;29;11;0;17;0;11;31;4;3;4;1
True;2014;Wizards;29;8;0;14;3;17;36.08333333;10;3;5;4
True;2014;Pacers;19;7;0;18;1;2;31.73333333;2;1;1;3
True;2014;Bucks;26;10;0;15;1;21;41.08333333;5;0;4;7
True;2014;Knicks;19;12;0;17;2;7;39.51666667;5;2;6;4
True;2014;Raptors;24;13;1;18;2;6;42.45;7;3;4;4
True;2014;Nets;18;7;0;17;2;2;33.9;4;3;3;3
True;2014;Raptors;35;4;2;21;1;9;41.88333333;2;2;5;2
True;2014;Hornets;27;14;3;19;2;4;40.3;7;1;3;5
True;2014;Nets;22;9;0;18;4;8;39.93333333;4;2;4;4
True;2014;Grizzlies;25;11;1;15;1;6;37.55;1;0;5;5
True;2014;Timberwolves;24;3;3;16;3;5;34.63333333;4;1;7;2
True;2014;Magic;29;8;2;20;1;11;36.93333333;5;2;5;4
True;2014;Lakers;36;5;0;24;2;13;38.03333333;5;2;10;1
True;2014;Clippers;32;7;0;23;4;12;42.48333333;11;3;8;9
True;2014;Bulls;26;4;0;23;4;3;36.26666667;5;0;3;6
True;2014;Jazz;26;9;0;16;0;14;35.75;7;4;2;7
True;2014;Hornets;25;9;1;15;1;6;26.61666667;6;4;4;2
True;2014;Thunder;34;5;2;25;1;13;38.58333333;7;1;6;2
True;2014;Pistons;32;7;0;24;3;11;35.93333333;6;1;4;4
True;2014;Kings;19;7;2;16;1;6;33.06666667;3;4;4;6
True;2014;Timberwolves;36;5;1;25;1;8;39.75;6;0;8;2
True;2014;Seventysixers;18;11;0;17;2;6;35.85;3;2;4;6
True;2014;Clippers;23;9;0;14;0;7;27.78333333;3;1;2;2
True;2014;Lakers;22;8;0;16;2;5;30.18333333;10;1;7;6
True;2014;Heat;18;7;0;16;2;7;31.45;9;1;4;5
True;2014;Wizards;28;6;0;21;3;3;25.11666667;5;1;5;2
True;2014;Knicks;18;7;0;17;2;5;27.91666667;7;2;6;4
True;2014;Pistons;19;11;1;14;3;10;39.05;7;3;5;9
True;2014;Warriors;42;5;1;25;5;11;36.2;11;3;9;6
True;2014;Celtics;27;5;1;23;0;3;25.58333333;3;3;1;1
True;2014;Raptors;29;14;0;16;2;13;37.45;6;0;6;3
True;2014;Suns;17;8;0;16;3;6;36.43333333;6;1;5;4
True;2014;Mavericks;27;8;1;14;3;5;28.96666667;7;1;6;2
True;2014;Spurs;31;7;1;20;2;10;43.71666667;5;2;6;3
True;2014;Magic;21;13;1;14;3;4;34.73333333;8;3;3;1
True;2014;Nets;16;7;0;13;1;6;34.58333333;3;1;4;2
True;2014;Pacers;29;5;0;26;0;2;39.3;7;0;6;3
True;2014;Bucks;28;6;1;17;1;7;39.46666667;10;5;4;5
True;2014;Grizzlies;20;5;0;15;2;4;31.45;8;0;5;1
True;2014;Seventysixers;20;6;1;24;0;6;37.88333333;11;0;4;5
True;2014;Heat;23;7;3;16;3;5;35.45;8;1;2;3
True;2014;Bulls;20;12;1;17;4;6;36.51666667;10;3;3;3
True;2014;Bucks;21;8;1;15;2;4;39.85;9;1;5;2
True;2014;Pistons;21;11;1;17;0;6;32.23333333;10;2;4;1
True;2014;Celtics;20;7;1;18;2;4;41.91666667;6;2;3;5
True;2014;Celtics;30;7;2;22;3;8;41.8;9;0;5;6
True;2014;Celtics;31;4;2;26;1;5;41.96666667;11;4;5;2
True;2014;Celtics;27;8;1;24;2;10;46.36666667;10;3;7;6
True;2014;Bulls;33;5;1;29;2;9;34.21666667;8;2;2;2
True;2014;Bulls;25;8;2;30;4;4;43.15;14;1;7;8
True;2014;Bulls;38;6;3;24;3;12;40.93333333;12;3;5;0
True;2014;Bulls;15;11;2;23;4;2;41.05;9;0;4;4
True;2014;Hawks;31;6;0;26;3;8;38.03333333;8;1;1;4
True;2014;Hawks;30;11;1;22;1;11;38.96666667;9;0;7;4
True;2014;Hawks;37;13;0;37;4;10;46.78333333;18;3;6;6
True;2014;Hawks;23;7;1;20;2;4;29.16666667;9;2;6;1
True;2014;Warriors;39;11;1;35;3;18;50.33333333;16;1;6;3
True;2014;Warriors;40;8;2;34;1;12;46;12;4;6;4
True;2015;Grizzlies;12;5;0;13;1;8;30.8;7;3;3;3
True;2015;Heat;29;4;0;19;3;5;33.93333333;5;1;2;4
True;2015;Seventysixers;22;11;2;19;3;4;33.33333333;9;4;3;3
True;2015;Knicks;23;3;1;23;1;7;35.06666667;5;4;5;3
True;2015;Seventysixers;31;13;0;22;1;6;36.33333333;4;2;5;2
True;2015;Pacers;29;4;0;23;0;14;35.01666667;6;0;3;2
True;2015;Jazz;31;8;0;19;2;12;37.85;7;2;3;5
True;2015;Knicks;31;6;1;21;4;10;39.38333333;3;2;2;3
True;2015;Bucks;27;6;0;13;3;9;34.98333333;9;0;1;4
True;2015;Hawks;19;8;2;15;1;2;33.33333333;11;0;2;3
True;2015;Magic;15;13;0;14;0;5;34.96666667;6;1;2;2
True;2015;Hornets;25;5;0;20;2;9;38.21666667;13;0;5;3
True;2015;Nets;26;5;0;22;0;6;35.71666667;9;1;6;2
True;2015;Trailblazers;33;3;3;24;3;4;40.33333333;10;2;3;2
True;2015;Magic;25;8;0;15;0;8;29.41666667;3;4;1;4
True;2015;Celtics;24;3;1;20;3;4;35.7;7;2;3;6
True;2015;Thunder;33;11;0;27;2;8;39.61666667;9;2;5;7
True;2015;Seventysixers;23;4;1;17;0;4;25.31666667;5;3;3;2
True;2015;Knicks;24;5;0;22;2;7;37.71666667;9;0;3;1
True;2015;Suns;14;7;1;10;3;9;35.38333333;4;2;5;2
True;2015;Nuggets;34;2;1;24;2;8;34.38333333;6;2;3;5
True;2015;Magic;29;3;0;18;2;4;29.21666667;5;2;7;0
True;2015;Raptors;20;7;0;11;1;8;30.68333333;2;3;2;2
True;2015;Wizards;34;4;1;22;3;8;39.7;10;1;9;2
True;2015;Timberwolves;13;8;2;12;1;4;32.23333333;12;1;4;3
True;2015;Seventysixers;37;9;0;22;1;6;37;7;2;5;2
True;2015;Mavericks;27;7;0;17;2;8;41.71666667;10;2;6;4
True;2015;Rockets;19;7;2;14;1;6;36.38333333;7;0;2;4
True;2015;Nets;17;5;1;12;1;4;29.05;1;1;1;4
True;2015;Clippers;22;12;0;17;4;5;35.18333333;5;0;4;0
True;2015;Timberwolves;25;9;1;15;2;3;38.01666667;4;1;1;5
True;2015;Suns;21;9;0;8;2;7;31.01666667;3;0;1;2
True;2015;Pistons;20;8;0;16;3;7;35.8;9;1;2;1
True;2015;Spurs;29;7;2;17;2;11;34.15;5;2;2;2
True;2015;Pacers;24;6;1;22;2;10;43.58333333;12;2;5;1
True;2015;Pelicans;27;8;0;20;2;3;36.7;3;1;5;2
True;2015;Kings;21;10;1;16;1;5;30.9;10;2;2;4
True;2015;Lakers;29;11;0;22;1;5;36.66666667;7;1;6;1
True;2015;Bulls;25;9;1;19;3;3;34.61666667;9;0;2;2
True;2015;Thunder;25;11;0;22;3;1;37.5;7;3;5;5
True;2015;Hornets;23;7;0;13;1;8;30.31666667;7;2;4;2
True;2015;Pacers;33;4;0;22;2;5;36.81666667;5;2;4;5
True;2015;Wizards;19;7;0;18;1;4;30.38333333;13;3;4;1
True;2015;Celtics;28;8;1;20;2;9;36;11;2;4;4
True;2015;Kings;25;6;0;19;1;9;36.55;11;0;5;5
True;2015;Lakers;24;7;2;18;2;8;34.83333333;5;0;4;3
True;2015;Clippers;27;5;0;15;2;7;30.71666667;6;1;4;2
True;2015;Magic;18;8;1;15;3;6;35.73333333;7;1;3;4
True;2015;Nuggets;33;11;0;19;2;11;33.43333333;11;0;2;3
True;2015;Bucks;26;8;1;22;0;10;36.91666667;6;2;4;2
True;2015;Knicks;27;10;2;21;4;6;35.76666667;11;1;3;2
True;2015;Nets;24;11;1;11;0;10;30.66666667;4;2;0;6
True;2015;Hawks;29;9;1;26;4;5;44.41666667;16;3;5;3
True;2015;Hornets;31;12;0;22;4;3;40.83333333;8;2;0;5
True;2015;Bucks;17;9;1;9;0;2;28.06666667;5;0;2;4
True;2015;Hawks;34;6;1;16;2;5;32.41666667;6;2;4;4
True;2015;Pistons;22;11;2;17;3;4;40.85;6;2;3;1
True;2015;Pistons;27;3;0;18;3;3;39.73333333;6;3;4;5
True;2015;Pistons;20;7;1;24;2;5;42.91666667;13;0;6;5
True;2015;Pistons;22;6;0;19;4;3;41.45;11;2;6;2
True;2015;Hawks;25;9;1;21;3;1;40.56666667;7;5;4;4
True;2015;Hawks;27;5;0;15;4;9;28.13333333;4;3;6;2
True;2015;Hawks;24;8;0;16;2;9;38.96666667;13;2;4;5
True;2015;Hawks;21;9;1;23;2;3;37.86666667;10;2;5;6
True;2015;Raptors;24;4;1;13;3;4;28.3;6;2;1;4
True;2015;Raptors;23;11;0;13;2;17;33.75;11;3;2;2
True;2015;Raptors;23;8;1;17;2;3;31.5;6;2;4;2
True;2015;Raptors;33;6;3;22;2;7;41.25;11;1;6;3
True;2015;Warriors;32;6;2;26;2;5;40.06666667;11;1;2;5
True;2015;Warriors;41;7;3;30;1;8;42.63333333;16;3;8;2
True;2015;Warriors;41;11;3;27;3;8;42.58333333;8;4;6;1
True;2015;Warriors;27;11;3;24;1;10;46.81666667;11;2;5;5
True;2016;Knicks;19;14;1;14;3;2;32.38333333;11;0;3;4
True;2016;Raptors;21;7;0;16;2;7;38.66666667;8;0;6;5
True;2016;Magic;23;9;1;16;2;11;39;6;1;6;2
True;2016;Rockets;19;8;0;12;4;10;35.85;13;0;3;4
True;2016;Celtics;30;12;0;22;2;5;36.36666667;7;1;4;2
True;2016;Seventysixers;25;14;0;23;1;7;35.86666667;8;2;5;5
True;2016;Wizards;27;5;2;18;1;9;38.1;10;2;4;6
True;2016;Hornets;19;8;1;21;0;2;38.7;8;1;5;3
True;2016;Raptors;28;14;0;15;2;10;38.06666667;9;1;5;5
True;2016;Pistons;21;3;1;14;1;3;28.05;3;0;3;2
True;2016;Trailblazers;31;13;0;21;0;8;37.5;10;3;3;3
True;2016;Mavericks;19;11;0;13;1;5;29.05;5;1;5;4
True;2016;Seventysixers;26;13;0;19;0;9;41.5;10;1;4;5
True;2016;Raptors;34;7;0;26;2;9;42.01666667;8;2;7;1
True;2016;Knicks;25;7;2;10;2;14;32.45;6;1;2;4
True;2016;Heat;27;8;0;22;2;4;37.31666667;8;3;3;3
True;2016;Hornets;44;10;1;24;3;9;42.45;9;3;10;5
True;2016;Grizzlies;23;8;0;17;1;8;36.48333333;6;3;4;6
True;2016;Lakers;26;9;2;18;1;11;38.91666667;7;2;5;2
True;2016;Bucks;34;7;1;25;2;6;47.48333333;12;1;9;2
True;2016;Bucks;29;6;0;24;0;1;34.41666667;9;0;7;2
True;2016;Nets;19;6;0;16;0;6;27.26666667;5;3;3;1
True;2016;Warriors;31;4;1;22;2;7;40.18333333;13;2;8;5
True;2016;Celtics;23;11;3;18;2;7;43.73333333;8;1;6;8
True;2016;Hornets;32;9;0;25;1;6;35.78333333;6;1;8;1
True;2016;Pelicans;26;6;1;21;1;10;38.91666667;7;2;4;4
True;2016;Nets;36;6;0;20;2;10;35.28333333;9;2;1;5
True;2016;Suns;28;4;0;17;3;6;39.51666667;8;1;4;7
True;2016;Kings;16;15;1;12;2;3;41.68333333;2;1;4;5
True;2016;Suns;21;15;2;12;2;8;39.13333333;9;1;2;4
True;2016;Nets;31;11;0;18;1;7;34.23333333;5;0;3;5
True;2016;Thunder;25;8;0;18;1;10;36.83333333;14;1;2;2
True;2016;Timberwolves;27;12;1;14;1;7;34.46666667;8;2;2;2
True;2016;Knicks;32;10;0;20;1;5;39.58333333;5;0;8;5
True;2016;Wizards;32;17;2;18;6;5;42.06666667;7;2;8;6
True;2016;Pacers;25;9;1;16;2;8;38.26666667;6;1;2;4
True;2016;Nuggets;27;12;0;16;1;4;33.15;5;2;1;6
True;2016;Timberwolves;25;14;0;14;3;6;39.5;8;0;3;6
True;2016;Pacers;31;4;0;17;2;4;32.58333333;5;1;5;4
True;2016;Knicks;18;15;3;11;1;6;37.1;13;0;2;6
True;2016;Bucks;24;6;0;12;1;9;37.18333333;10;0;2;2
True;2016;Hawks;38;8;0;27;4;8;39.16666667;13;0;10;2
True;2016;Magic;24;13;1;14;3;10;37.56666667;12;0;5;4
True;2016;Pistons;16;12;0;12;0;5;28.4;11;0;2;2
True;2016;Jazz;33;6;1;20;0;10;38.25;10;2;5;6
True;2016;Lakers;34;7;0;22;2;8;37.85;6;1;8;3
True;2016;Hornets;32;11;2;14;2;16;39.9;9;1;1;4
True;2016;Seventysixers;34;6;0;22;2;6;29.93333333;9;0;7;2
True;2016;Pacers;41;11;1;29;4;12;51.65;16;2;10;1
True;2016;Magic;18;11;1;14;2;6;37.1;11;2;3;6
True;2016;Celtics;36;6;2;22;3;7;38.55;10;0;4;3
True;2016;Pacers;32;13;0;20;3;9;42.73333333;6;3;3;3
True;2016;Pacers;25;7;4;20;2;6;42.26666667;10;4;2;8
True;2016;Pacers;41;12;2;27;4;14;45.21666667;13;1;12;3
True;2016;Pacers;33;4;2;25;1;9;44.73333333;10;4;3;4
True;2016;Raptors;35;4;1;23;2;8;41.03333333;10;1;5;3
True;2016;Raptors;39;4;2;14;3;21;36.6;6;3;6;3
True;2016;Raptors;35;7;0;16;1;16;40.63333333;8;1;4;5
True;2016;Raptors;35;6;1;22;1;9;46.18333333;9;0;12;6
True;2016;Celtics;38;7;0;24;2;11;41.96666667;9;2;6;2
True;2016;Celtics;30;7;3;18;1;4;32.8;4;4;6;1
True;2016;Celtics;34;6;1;27;4;4;38.26666667;5;1;6;5
True;2016;Celtics;35;8;1;18;4;8;34.73333333;8;3;7;2
True;2016;Warriors;31;11;0;22;2;10;40.76666667;10;1;8;2
True;2017;Celtics;29;9;2;19;3;4;41.2;16;0;5;4
True;2017;Bucks;24;8;1;16;1;2;37.41666667;5;1;4;5
True;2017;Bulls;34;13;0;20;1;5;37.25;2;3;6;2
True;2017;Wizards;57;7;2;34;2;9;42.68333333;11;3;4;3
True;2017;Bucks;30;9;0;20;1;10;36.7;8;3;4;1
True;2017;Mavericks;19;4;1;14;3;8;41.78333333;11;0;3;6
True;2017;Knicks;23;12;3;14;1;10;36.26666667;9;0;4;5
True;2017;Hornets;31;8;1;24;4;3;36.63333333;6;2;7;3
True;2017;Clippers;39;6;0;26;0;5;46.13333333;14;1;9;6
True;2017;Pistons;18;8;1;14;2;1;27.26666667;2;1;5;0
True;2017;Nets;33;5;0;17;2;9;33.43333333;6;2;7;3
True;2017;Hornets;27;13;3;20;2;7;39.56666667;16;0;8;3
True;2017;Seventysixers;30;6;0;23;0;4;31.05;14;0;7;3
True;2017;Heat;21;6;1;16;1;1;28.43333333;12;5;3;2
True;2017;Hawks;24;12;2;11;3;7;37.56666667;6;2;6;3
True;2017;Grizzlies;34;12;1;22;1;8;39.15;2;0;3;5
True;2017;Bulls;23;6;0;15;1;4;34.26666667;7;2;4;2
True;2017;Kings;32;9;2;18;0;6;41.05;11;3;8;7
True;2017;Seventysixers;30;13;0;23;1;12;38.73333333;13;3;6;6
True;2017;Hawks;25;17;0;13;4;2;35.01666667;7;2;3;2
True;2017;Lakers;25;12;2;18;0;12;38.71666667;12;2;6;5
True;2017;Jazz;29;10;0;15;2;10;36.8;11;1;4;5
True;2017;Wizards;20;15;1;23;4;3;41.35;12;0;7;6
True;2017;Bulls;34;9;0;23;1;8;39.1;6;3;5;4
True;2017;Trailblazers;24;8;1;17;2;4;33.81666667;6;4;2;3
True;2017;Magic;33;9;1;23;1;7;37.28333333;10;6;7;3
True;2017;Magic;16;6;0;16;1;8;34.78333333;5;1;4;6
True;2017;Pacers;26;11;1;17;0;5;39.93333333;10;4;2;11
True;2017;Pistons;25;14;0;15;0;9;37.8;8;1;4;3
True;2017;Heat;24;5;0;21;1;11;38.28333333;11;1;6;7
True;2017;Timberwolves;37;15;1;22;3;2;48.31666667;10;1;7;5
True;2017;Hawks;22;18;0;20;2;7;40.71666667;12;0;3;3
True;2017;Celtics;24;10;1;20;1;7;27.9;8;1;5;2
True;2017;Thunder;37;8;1;23;1;10;39.73333333;8;0;7;5
True;2017;Grizzlies;18;11;0;16;0;4;36.66666667;14;1;2;3
True;2017;Nets;31;11;0;25;1;3;38.78333333;12;1;4;1
True;2017;Pistons;31;7;0;17;2;6;28.73333333;7;1;7;3
True;2017;Nuggets;39;10;0;25;2;8;39.13333333;8;1;8;3
True;2017;Suns;28;11;2;14;2;15;33.21666667;13;3;2;5
True;2017;Bulls;33;12;2;26;3;4;39.88333333;12;1;8;6
True;2017;Bucks;40;10;1;29;2;8;40.01666667;12;2;7;6
True;2017;Raptors;35;17;0;19;2;14;39.4;7;1;3;0
True;2017;Suns;27;9;1;16;3;6;29.26666667;6;1;4;4
True;2017;Nets;37;8;0;19;3;10;38.05;10;1;4;2
True;2017;Hornets;41;8;0;26;1;11;36.88333333;10;1;8;4
True;2017;Pelicans;27;11;0;24;0;3;41.75;9;1;4;1
True;2017;Mavericks;16;12;0;21;1;4;38.53333333;13;0;3;2
True;2017;Raptors;27;6;0;14;2;11;37.26666667;10;0;6;5
True;2017;Wizards;33;14;0;20;2;10;38.8;9;0;7;6
True;2017;Knicks;26;11;0;16;2;10;38.63333333;6;1;6;4
True;2017;Pacers;46;5;0;24;1;13;39.88333333;12;2;5;3
True;2017;Pacers;32;7;2;22;3;9;46.15;13;0;5;1
True;2017;Pacers;44;8;1;24;3;15;41.81666667;10;1;4;5
True;2017;Pacers;45;7;0;25;4;15;43.41666667;9;4;3;4
True;2017;Raptors;26;13;2;30;2;6;46.93333333;11;1;8;1
True;2017;Raptors;43;14;0;28;1;8;40.5;8;1;3;1
True;2017;Raptors;38;7;1;26;1;11;41.26666667;6;3;4;4
True;2017;Raptors;29;11;1;19;2;8;38.4;8;2;3;2
True;2017;Celtics;27;12;2;12;3;10;37.5;5;2;3;3
True;2017;Celtics;44;3;0;28;3;13;41.88333333;5;2;4;7
True;2017;Celtics;46;9;1;33;2;11;46.1;11;3;7;3
True;2017;Celtics;35;9;2;24;4;11;48;15;0;8;0
